address,owner,amount
J2E8vDbaKUd2KmrLRCAD3scLd2zTUHSmg4sp3UYyqH3E,DgLcG7dhE8VBoA4rJu1resczXkYTSGUx7Ry1HicqcqZr,"2,636,537.97"
3t2NbwTYdmE7yTZfZa3VP2cAg1R1c7fzHWEtJse7ow2B,CmASspm9y8wkpHLTtnER5ZLkmqudCtmC4aSq6XQckPg6,"528,070.80"
Aa9tKZXh6JAnQyTf8ZrX6eKkCuKS9myCPzYJydWJFbsu,5RbAcTnEJQqppXBBDE8EGEUqWJiiqkzM3XenCKhfbKYP,"29,599.81"
FbDCDpbdtkKW7BsGMnuunZgDiiEYXkyxQqzCLBFXKiun,FQ9wwaL4LSnTGPB9q89Z4haK4AFoCquaUKh5tF4V7QEm,"15,351.54"
BnL1WYHxbeDKuUo5gpt2UrBFW3ef9Afno4J6znxbYTXQ,6m3SRXZSEgWjJnANLhc8cPbPLj4GZ1g6fkVfop1ewJLr,"9,758.49"
7ExzBYtZMn6ZehbYv1iyNYQatgVTW11H2V6ZkVEicHPi,Z95eWdDkC1DhVqGg4vAUy8nVF5dmz5BvGhdiMSUB1U6,"9,226.25"
DCXYgJNbawe4wppAi22EaUzau4DVeQZCPdL21taBx39k,2aa8zFehxQKD1aCzyMtNSs5K1RpJ8HVoLsydgFMuyTcE,"8,198.62"
54vv5QSZkmHpQzpvUmpS5ZreDwmbuXPdbGp9ybzgcsTM,CTcvsPoWroF2e2iiZWe6ztBwNQHiDyAVCs8EbQ5Annig,"6,715.30"
m7YLjFjnC4DE4oYzyekAjKDJZohgEUv8Bc2fMhzXUoL,3NRTqKzQeyhUAoFE4isDAJa7MguUHgLxaDVGG1bpRh35,"6,622.20"
EWg6sAk162LXGyXeW3ytXKVjf1MrncnxUHaQfxPnsPuG,Gg9G4T7obnNxmhW67VjyPEHwFYyWrNRZozcC7PawGyuK,"6,592.98"
7uRJr3tuR7HgLUiaFfGqfv6pUfA7CdYv3gKEebP8ssuw,CRyBNQNrGpTKa1KtuCSAGATC1rUejhKH78c6DR4KYFkC,"5,980.71"
J23zCkeoxLiZNwf5Pt8dAWY378NgbxA9judAQst5PaPe,H5i2BYiSZLUBBQfDx1ohamj5YdkinHvjkVUqvYfw98YY,"5,321.92"
5Fjd9tuvRACeQR7iMQwUtWzKKcCiHDsV5TRPCMTW5F4,H4VhUXEdhHvW1YXqPqMTLjVGNANGoncW7zcVf4XKrhVN,"5,212.91"
BidVgYvTNNw2k1ErHVGPhDMYfxu3cFMronrDRgBXJ2h6,JBsMC5ha26xwsVh53GcYhtKBsMDT6knvSwYUmBXz67Hd,"5,118.03"
54gFn31S8ZWa2RfZhDsSXhz29e3aJC8rNwf1NDr8LD69,7WfRh9HmNGRoLct2ARW1DjkPSe8EZ2RpC24KGm1PU4Cn,"4,903.40"
FDmeT7Sk4LhcxP5uw3L8utmHQcJcqRU5iSmmTdw2Npom,3tKP4RwnXjYz2j6JHcoouAw6Qf5foA7yNQwvUDzPAgtm,"4,839.72"
98v8NpGZaVz6DJXxRfTgfwJB5MChF7FAygKe9PU6NzKo,7Dk8MWCPvwQc5HRq4kV2UsYZ3xbWwpSkyU6tq3iHmrGD,"4,775.38"
BYKGqFv2tZhwa3yRHF46deJjjz6adVU8AKWGitQKHx3r,45jbR4havGSUuvSm9EQqpr19HKMCWaHzXvKKDs9Sfaon,"4,327.38"
12VirZGMWizCs5rErTfenJShdnW3ZfYaU3aL1FWYiNzz,82T1HYktJVRdmvy716pMQz8jtzM3aoarrDXCK5Jw2dTr,"3,283.26"
8Xkts9RhU8MRjfrvDRJ5kszVM9u4NrYMA6whzYJ8kE5S,BEJrbyRcaWvWE1cyiNf2W9TnZiDYiiJeNyyDR9PARZmB,"3,064.94"
HEbB1EWCyFprLGxpT9RU9qgV9LbJXRxupqYdUwiBNjyw,FE9r6UP6zn23kmU8VbjwyQEvrXXDoAyawqbVw1bkczhL,"2,821.62"
47sGBqVhTLTbQWFCXScSJDFPnauTAXiFFA3rPWXWDKbR,AqMZtBx4MHEFyoMzJKZLdsyWwXSdLtAiEFJWKVh4gEtS,"2,776.00"
EMrH6SnmhRCd96n7DjQ3yPGbP6SugnSdaAMGtUXDkvkC,66pEvUxvYYMDHAmhPo6UpwRf5TnW8PnrVcMtVadB7rbj,"2,590.70"
FWJreb2FkU8GFmS7M6iEdF6SNFxNemL67RoK9u32Ku33,HFMQuq3u3UiWHVuoN1qFkX4UHf3Xb36nbKiNjhGrojxC,"2,422.67"
2W8WV8ciXYtyWQhJfmCzFF7pQ52tXJCoKQRaAFHiZRhR,BmxsMJwzUH4xwiJTcg5Bv1T8dvWa3vgpJkjam61GrZ2M,"2,403.55"
7kVyrAirGNVst3LUswh5mGXCpWLsgAXaui2aHMvo9UiQ,CBF6onb6SZRVRiSu528Db1YuXT7aGLW56TTgwqqgDyk8,"2,325.64"
DwbjtcwMUTy61hmDkuDHvu2KHXsFUh2PvAb8HnGr6zzM,84uewQ1pRmXaH6Ug51AuD1R2iq484ChM1Wv2xQ2CBJpY,"2,300.61"
99kQAHsK87EvqwDgjKqWodVCFgEBipXddY9ELiphsgYz,4otCdofzvtX5ynhVo7K5SsV2tPSrD8fQrhKeWexQaELB,"2,118.50"
7UDxP7vYVzCVLHx79sjMwkvTVwTZr1voqUoGKseDMZHg,HjBFr6WriNjeVAzUk3VS3ZqKubGMN2e8EZ9GHMPWMGKw,"2,017.81"
CYSY4WPsVjmnqJH2HrJ2drbRMmgynAUVU4QXb5NtBfwQ,GugU1tP7doLeTw9hQP51xRJyS8Da1fWxuiy2rVrnMD2m,"1,997.18"
3atHaWSJ3SvSfaZerinq2cpvPGVDM8yzdBweA82AdvTH,3RW7uFMJtZ1vmnGqakgre6quF95boADtEjT4TiTwXNkU,"1,870.24"
EtFmGHEQHQUoaybToeCmSSAcy4NpL3qsAwVgsyhKnup3,42v1pCEQ45WESBNLoDD457mYtpLYR6HG478ifvtNknpF,"1,811.01"
6ySk9LZZt79hR4nXVUaujSTwkdq9LRNRuhtt48AnsttR,3rpany5PkUxuxSKvsRfcACXqf8aNKhQjGZEaCELnFDaM,"1,681.64"
8wt5T276wZdh8tUhraaMqwd1i1eVQttTYZ9361C8pULh,J441eb49ANgpUXRRHhp2uzqHZRJiuEYpdfto8NgY7xS5,"1,675.10"
HeMxCh5SozqLth4QPpU1cbEw29ueqFUKSYP6369GX1HV,5Q544fKrFoe6tsEbD7S8EmxGTJYAKtTVhAW5Q5pge4j1,"1,669.00"
6rSvCdcYrhU8RyyEKSbYYkX28xK61tTpvpqmhKLnaGsR,9GhwnAtDoz6uUimJ1c5Z7rQNMZzW6eqaM6fcfjkBtRfC,"1,665.38"
H6vR3me51TqhXvij4zNV8Qybf5HvBnkFKtMg3bFMX7mi,7JX1AwE45r7PdmwMnWsoRABuos1WzYP6oUhhyU8Vrgar,"1,549.20"
EMkdSK93kcZViht1quv5VyjDnoEra53tTY42RKs1gnhQ,9x4x9RBZRxL7sv8we81tAB7qaRoFeffDQFjho3qaGpHY,"1,523.20"
4T6MzjGdeKu1MZywF5gKqzGBphC5CiGcsLUQJfPKiPNw,QSDxWZebwJ73MsunvfTWF32T1R7vqVYqj8kS15TjURe,"1,394.00"
FLx4LBKfQPBcj15YKczfxXpuQUK3x9pmRNoAkcPd3USM,DfmASW1GJaCXS1qbyHALDDkPiNNwNYL9wnEt8wBYqKsS,"1,393.51"
GDeE8e8zRE5XES8ZE9P71RgdXSrD3nMVTm96GPpmM7G7,AtWgt5PbdiMwQ8vVi5oofdgMKRq5VsLmcypkdg3Thinz,"1,391.50"
AinQmETD4NG8jBpqXaAkn5D6ukeDes5jwdWBvR1R5pTm,CPfh35TTUnozQXRCStMWE39Fo51HZGfCGA76Y8rjXB5X,"1,382.44"
8ZFjVtrayn4Yf4U5Nrai4yYzHUJzekTiXbjE58WidJae,Gdt1h78EPgvcHgASgYNBet4pUNv2Ji53AvPYokUnmzW9,"1,377.00"
EHfBUC71VhxVz6UAyDcN8w8LLe4G3CzCqvSSenKA8iWU,3n1zDQwLByDvGGBG84sfsowq84bE3ZM6TYjLJhCTBSqg,"1,352.98"
6nbT6gqZyyxrZypa1Rxp2YMVsxNjBDeTim26hqSo4aYb,6WU9uiMTCqEUguST8CxohtvxwuoWecxaLWWdMPD99S54,"1,201.52"
7UbeAZxpza5zN3QawQ5KsUo88zXvohUncYB9Zk5QCiim,DdHDoz94o2WJmD9myRobHCwtx1bESpHTd4SSPe6VEZaz,"1,191.13"
5q8qYD6JdUat8VhqomdM5gLHSmTVHGv57mPZa6fqtCqD,83h16EHTmv3TZatLLQ1C2GcrVaZGFR8eKdq2po3pv4r9,"1,182.60"
4raBfy5g5Mr5iGMPUfK4bGJV96Emui9Nw773WLWqyMKB,4ovUPFs7vWeSyxy1Y1wYieyPNz9HxMzDZC7agxGGYFhC,"1,177.40"
DfjKKQGVaYbga9RMwVrLRhDmB6iRaxPrVpuXKp762ywk,C4KtjNf1nHz7AyMDY7DSE5JEG95J9ji2r6KM6kd1qUye,"1,169.72"
DYo87YdCDe3Tdm3ebqdRPQiRobhHFFb59vnXvRQcWPPZ,DwYTmFZvXgpk8M9tEAcGA7vqfm7NWiJABMFEviSHLQEN,"1,163.60"
9iE2sRr1dwxebeXmDwgnoM24gVAbcyKwhh44CLXNuSJt,7v7DTfniwtNfpaWuLh1A4mb5C9T6j9jdvbPU7TGLtM8B,"1,098.93"
EvoPp4VxG1t4nSSJax5mt43YghpLDAfaSuBN1ryUjo3d,2jUj9z4yGsyU7UpphqyrpfBFAPEWRTZs3VwisUUJ3JHR,"1,073.82"
Gab99JyBfJ46jeBYm8Ly5wqA4wx9pvchHsaKVGDUsk6w,8MUD88cLUNpiWr3stp5H5NYQpyWEC13oPp1BximRVKD3,"1,054.52"
8YwfAz9Z8Quh5v8RDQutxzrRSYWGsS6Rzea6ajV9iH1S,GmhUpfqR892DcqpsHfceAj1wYGS54N6rjdtqb94Nui9d,"1,039.83"
ENLXyxeNDqHzYrHh9DHyr6vAPsFgZjyM7gkYYqjTbhDo,CBAeK4NzfD7EMGUzpTFJTxMAoUGUrwhRkR1EavX4F4F7,"1,007.82"
psp6M2yDHnPNq8ND1de7Ue7QrpRAt8i2oyzFks6sF3Z,EDjD4FR5oi9h9YTcvUkTr4AR1YkeXzLjszHJwUd6w75T,"1,005.56"
GSenAc92jT4eCMaFHdRs6vGnq8PQyLGPJ6TVkDdkx3YU,4RbxV2AFuF8tbGE5DgR6bRLmfugfAonABk8BURKvJftV,"1,002.43"
3MkyN79U3iQubz7tAnTEqYRUh6DwGLfwgdoPfYmbVr9P,H5zzXCnVT7EPfjJuJYZ9KX4Ce2c1Jocg9cSiZ82gxeCf,"1,000.77"
D7DiCFQRXTEDcbqewMdCmGonfYiWyjkYhRfpFZMDGQpE,HqptpZ4m1EnqnwjZ8htPcPsYyuSmPUFHqUCHGUim1tT,"1,000.00"
HFtSCRVSMK2wvCkgbmVhs8KJ4m11g79CdMgytJXLJ2Uh,CXjsEF1cK1iL2eYjsq4xC6RhmyUXN89LtynFkKUPqP3E,999.80
BFgGoviitmab8iibWv5ZTTtsnoSEw3QahvqeumhAriQA,7RCwMyzPWgSFo8PY1hHBwMew3jfYZbQiSVTxm8ChXk6e,998.50
EbFQmNM9SSiXtpRu5KRXV8SKKVU9tbKGkem13n2dhQMB,E7zB5fr3DZ7XM4qJFyhFMTgRNcuqQ7AciEDWZRHQDVfo,996.67
NCxQwHzuAToyLADnZKd3EDgvf3YiXPmcK1Hc1E71ngi,Cfv3FJMTAcvH6RpxFVPsnKd8JFobTMgQQpWtsizk5JWw,975.75
HsnnVTvubFEpvbPPF4cnBrCfmqoanq3yvkf6m8kwKuTj,792zQZ7PbK63BEMmdgF9hLLs2kA6fsZKnBK5rVzRTkA3,974.24
6KHFdKf1K8fojRKs3BnJhq6s9CkACHY2ahaF7cfwLB4X,ACY5NkpUskxuRJjR7BynrJNqKQ8opwqv2dGmS5UDWZns,945.64
uhxAPDp8yZN1DKZKNXmuMEWbWsimt3778nBrCYuig4V,Tu9n3py3TTskYf5WnGf1shtT5q4HMTd3DbbZn4Utrw8,939.12
C1PwRCpysGCxryYiDFGnVuhuEHgtYTqU7FjrsSdkSfbt,JAJu2BnkBnmMukLT6ZQ1UTFUEasmdUxSoBT1GYZfz7W4,923.69
3rUN6YK5pvqh86Cq2PWv7yxWPsdNuVo9gXHxqeWAKUDK,FjmC1xHFtRLUAhMa4assKzLhhubfUcSyEMNNaciJ2xHM,911.13
3KLmJ5DeD7qdjVXiniQCJk3aRTVNHs2kEzUEdkoRYF1U,3qjwcrLd4R7PuBtBWEM1oNGEFQKfc8F8JK35JMvivZfu,859.73
3HLgh2UNCWtqd6gfNwoP8dAMd7GeXJwESvgEDXttr9Qp,AHGtaGgNACEv1WTDVdY6aTfVjCDKivjpRQczzPr7XG7d,851.57
2zbYemhehSzpGAUjFLQdy3V7QRdWfT3ha5nM24cBtYuu,vjoNRLK2yCDvjot1qahcJhUhGchHoUTo4hp6eiDJ6pL,820.08
CcM4FHRYfusALgWj6D5WTuUZ6jbDFHdg8FjvAJk3PQVM,FKy1QGjox4Gam51np7AuiWMonsuwzN4e5hBKqjNZUxWn,817.19
Hw8pqgL2NCR9Da3xgVAd7SQbaBQPL1f1Erj8FBQ9VBU7,29me7k3xKVXj6m81JDbhcFdQ5KUzb6b1v4btqDThdEei,809.60
6AsqqZcs9wZjEa9NX6STg6Ti5hQd8sdNTFf6eV8Y63oa,4MXABUpQWVtB2t82egURvVjXxQetevPLqLpPjUkfhiyT,805.30
7U9LfcRbgdkXJ54hkHD1Z4kP76v8t382x58vTjaegsqn,2b3k5WAYBWCauWZDWAGZWvLPodDzeVciuz2s9AKumhid,803.24
6hgxJc6RWsQqdgTSvrikeTPsUteXjPuPVvQvoyWUZWAW,A6QRQfYfvARB6vTAG8UMF8DJHMf8oMuqsK7CYFxSSqJg,798.60
2rfioF4RPz264cDig88KTsMnBtxN5B8rwR4H3EMrvEUo,HvxasT7cbp7dVeW4AYHavdXA9LNAngL4axZJb3pcBtk4,793.96
E6NSSTxvEVoTAHQRmnrknWJuHtpagc31suVc7BYX7aBp,bcu5ai6UbQ9pcacNKneurbBi1XSkzt1WBQXaWfVqMY1,790.00
75BBG56swXdEnkztq2fqdmtU4RDysYVopenN3Q2oCgcE,J4BxpnBs8CeKC5dq1Y7ryW2F4JPscAuQdEwcnCTvdzkR,759.63
A6eUY618uUhxVSaEmt4Hxhxh9oZX4VYvcfrKk9j4Zh3A,DztyUoq2Go6nakqxpevgC6w1VEnWxHCBAVdRUnWdCz5L,748.86
7ff29ak5PkUqFZgA31bjXXKPg21gzwyo3a6ddd6Hs4Rm,3PA3RzkECarfdFP5BE7sxHJhZTzGpL1Foc7gmwq8uR3w,745.91
GgXX7NS4rWsAUqGAwH3DGFdkUNECp3YnNF6agcv1nqh6,H8nkJf6QKdgEcqf4tuUfoxBTEFyzbvAMazW9enQiD7L8,744.81
9g5iMKCbmrNqw1tD958WqBYjYgxhMjvS34yUCxf1C8jQ,HnZW162TRx1q7CwMw4pnGHFGKJ73oM1uwgiKxHg3YbPy,727.64
AAJK5cn6LKbntAfCoagqjgGL7kTwpE66SeLTAcArAFC,PwEsMKY7NjgVinnbR8PP9PiC4huKmF7pZfCwu72N32b,726.95
Ecj7Mu35X6v5RRgpbQT8cA7PJmNm4WJWq47798DcVzgu,CgxxKVvGhhKxqRc69vP77HWNGw1r4C6ezLjgPdmddz4s,713.97
HVKih41GFnQ3hJqNg2ZRft25kY9rsHdj3ag8b137Sna7,Exb92hTpMvqmjuPNmk435CQdz5tFzMp7zNk5cTCwxnuB,673.13
67GYKAVSPk9Z7ygFiUWw7htPgnK3Sc4dw4nnHN1PCuBi,3Bb1Q8bz6jTYAfZQM3od9cS3GCBAjKwKThdjFhBAA2DY,667.51
dBF2XifZMf6hoJgNLtkcR5MwK5Wy61D7ruKHq49Mxyu,6GW5rMTYFFJu22m19EshkfjgM7eegBbHtrxJbUiTx7Av,655.01
3ZuBnbM9dsztrvzMeApb8SpyCanPfCC8co7RYU1mp6eP,Di1c2rZg8HEgbbYDdPTy1hvC3nQY3jL8cx7kxUCEAuZ3,633.96
6FsCDFV8vC3gXe8YuPZ541NAPyEyXdHvaZpcvhpCMahF,7LnMGBnBVcw87mShUBoM6mqXPBHa8rsjMKY9P41fgdrk,633.86
3tSAkTMyeTztz7ayvA7NWYPWx5AQnzTcM77NsK7VWEig,4tNpekkFDFq9GeDkpwJwBif8mF7F3tpK4B8ticXJJQH2,627.29
8GsKcDpfADr1SciuxNupCiguLUbF9KBxZWvMcYFg4Hzw,FrW8HzWY4igggvJzcTfbgFGiaqfCh5HL8vTj6QUvwXfv,609.86
7GBrSLgj9ddszxvHodNLQY4dJbAH2rP4jR85DqeoHCjp,Ef2Rh6J9zsEPWzeRURjbaojr98yCCJ7NmFhW6BLguNBo,575.38
E7JMfZBetpCT7c7joJCHw9LgbB8KzJH34FkEsdrTZAus,8khRagNBLFz9wcuWo6XUnzkoEs5qwxgQ88xCSfCE6r28,564.82
319o7iKcSgLwBhDnpHSeatXeGbRBRkCCbdvd5T5xC9Jz,Gc6ryUAXMTAKRTcqeEePSY1Nk7jyZSRzSZfjs9qrwbRg,564.60
B1M9MQzSe1nWzaak6uTpyTVhQ979TZhU4rM9Zph3qUtV,5e1Ww1QHQpa3DV4D8aFxyMwLt5feLrQpqQdd4dwJFhWT,561.53
4CjJ5DXYpCn88mKuddiRf8jJKCCa6zNLMNmg7obxVTkm,7poPNy1ZZgzDcP68aqfF9bCpwwrM9yMyZ6uqG5yF8nZH,545.34
HhB5BwUZQs9ukdtCfkU6Um4YZgNR4TjAcftw3wx6T3pa,DFv9rN9Wm9DaudRiaZ7kQBw2Cg2FyjQBgtFwc521miaZ,529.64
HtfdJBdurcfuabAjdQPzbENmVQzZC33VMJ7Jqxttg2wb,Bt4roPyAWkKQjgZ9PK61GLVw8mEC7ghJv9mAg6SGiiN3,527.68
2riy6y17LYdgocpFF2GneCmLg7LDL4v6YPDXhVrCeoVJ,9oXoyra5GcL3VbxL1Umoneto782kStye8hbeHxG4eH6o,521.80
KYv4h1SZGWZDT6NuzgGdKKyxWoPLAKt2qPAMqg6dpKV,J256pm2vBrmQmwG9HhCT9hNQMDA8f9m1pxbauhYsVGSX,516.38
4jHcbrc85E4n1Le9iQdHp1QUphVQQiChxcKX5w1rE6z4,BLonCVFvKnfGqTBPKDH6JgPhSP28GryPoBmvgMfebDyN,515.88
FRq2v9DkX2mzZ9MCVkgYnHQL7eiBHusG1BtSspvbKY4p,HaeaU42AjMp58syUTZA7obp9Hjzdv8Ztr8VEAYTnvpRp,510.10
7R97ZeNMtbFoJS3JMWFPM4cVTKgbVd5JLFdj4eoJg4v6,CacsGFMkMjg2JcFpURHbX83Ki66hiv4C2GLH6HcG7UBb,505.36
FXMJcT6MHKkNjpa8LTRB3mPV2jqRwidWj1R8yM7W3Coe,2D3iMFsEGFLEuVvSZJetbwfjEok3yEyTX9m8QpDzwauh,500.00
CAyghDXsMD6LnYm8tyencFvaECsGPacKavCvNSfyajaD,76SpvyiYXHQ7hVmwdo16Dn7vVCkYx7Ttx9SQLUi9RV9J,496.84
j8YhXqdtKZ4YS2aFWvntxcEviMoWKzN5YNWhYWKapzb,CHyEJeR4GQ8ZQMuQ6yuoR5u3DBTDWZB2DyUyjxqoSLq6,484.06
4A8wtVcCo59BTLMAzY62hYzH5PpujooBYPan7Lw3nq2E,8f3R1hQuMoNKgbmY23rzFp3e8tRcG9FcW2rwn3Kt6ukN,483.27
7uh8ABUzwje38QQ2oJ5axqnorqug7EyqbinF9ZT3BdYs,5Q8zwRKTkBoUpUbsdqEaQKk6FL5ziuUKQYwvAGcmjMZS,463.91
9SCL7LWG4NbsBiDpsaBdNF7L2jedeNZKU6Hc8aNGXWMz,5KFmtWUMe3FBxbRtXV69yy65FasXtheqaGyjE954Un6T,457.31
9DUikhiHV2vRk4f9ZApP2Y1zRu7ekcWQDxboBgEfMmXi,7NThGCEKMoykTLBGtQcMoM1jz692Ump2Uk9TYw5SHuB4,451.89
CKBnDpDLjNowtJFriYQonh87y3XbtSTgyBTgGEvUgKdz,2kT61Fm55kzrefRTrpnavrfdRnJ6guMnK2yNoKpwYbjq,438.28
7RRvXfWksR9EcCMpVNAPgwASJj4s5pva6CRct7r2Jx37,DuQgjx2HqNjR2D9cgdXn5ALFc3Z7SeZC4ho5JirMe2CW,435.80
obigZG37Gkns9wgTHB5VS4Awv2ePJnoTtTCnGaAARqm,FnhqjvHmcgb6h2hzhLVXcDjxw6X5JZzZXNggZXwTEqa7,432.09
6169owKZaoDo3HQkrfy99gMGxnM58SDmPXQS8wpqn9ki,DtZAiTrBXJ4YEWiJqGUWT46giS58NuTH9KeBACXQtwwA,425.89
Dm9Z2MHUyhtg8mqCQbFt5GP7JhwfHkyQRe9teu8HB3CN,4dfFmtkf681CDQZ6wUdz4EpQnVDpyJ6dWdrCReYoDMHH,403.29
HixokYMpXhjKfSAqmnVRpQ8zScGnSs53vUjpDiMrrmqh,9LYQF6x6mBVsbLv8yaZmRELe2pDVRaeUzhNL82xYyAKu,399.70
BnSscXHpCZWdUkb1LcihxawQXKg8qwCeEdnWyVx6Zh5R,GobdBa1mLa4kV6jhkxXFtezd8nfkSkm9Fy23Vjgn4C1F,386.55
HfUhNXRoSEPakomLw9Hjm13z88gNSgvgA2xg32i89X3B,8oViB859bAQsakUUsABYcTJ5Gtj3stXUyABvEZjoLDJi,376.54
14Cp6epdRmp37kGMTbKQ7nf4r8F8zfSSbYdPzoi1pBo6,BqXrg33wqmh1PHYLdTtSxSdasNLWgScGVTNr66p25kqz,375.45
45TbXybDjXSFUygnpmFWSPX7ZBAbXBKM59B6jiRTM7SA,DtgNkDaxjULVXJuchVFWRFrdBYhoEzqbaVwSTneJptj7,373.21
C1iTBapzAPPXggkZRFLNvjqYRq1PEKFoGon8WD8p3qZi,8W2AHiV5fKomroaNMRFXEuT6DjMCRiiHBbMLrePS2Zmh,372.60
4agVLepSZoqrEXNm65eJyi99b7TfEM33Z2vp1QDQtz61,A9eW4e1v7B1dXHZBphrhGwtWMkfptWB5aPePw7k4S2v7,371.87
BpL3vwk6emGzBpLLUhSQDpq6L4Z392CJbwzvKRLC9yXd,33kecTtMn3jB4o8HXRsxoczmBuKHAzY1wvUBNcfJeywC,337.30
3MsbZ997ZUYsFrXDUjihCiNzdj4gHDpSTKde3naLxexw,EF5qchkpVrxU85bHJcy2hWFyHxRMtoKaPjqm91opeS4X,333.57
Cf5opXJWjrmq6uXWFpELpPRVC9tKJadQEm3j1bNo3nGH,CanABs19gMQp5d5MYWGkBKsSiXanoryJ6KGuMKvTDVxD,324.70
5gwQQT4EtinoT6rN2BR3GGnZB1ZBiNGW6RM8TiUSUTkT,FfLJf23Pp1bk6nPAh3DnfRDCD1jdfExKHemvFeJfYrC8,321.60
8DPur9QtYXJgn9hY6a5o9MBE4mrxuJZpwaURSs3Ppfxw,HavkNAXAPu4Bvc7tkqXHLJDos5QbPcvVZyVpvD4ryemw,310.40
6FzXFdRMg1QDVr3iSvg6GEBsj2EzrqBjf36STD4m5Ess,3KxpcakeP7LbLY1dX3Z7zuctAsEhm2japQpbA8oxh4rr,307.30
6zUQgKgk7BjgHQSxXUBvXpRtTTTb6FtLGzTPyp38M8pp,AnssunRYuUjvmT8DCpaAPhT9HgXsai88YA4RRDJK1Sms,294.57
4sHnduvGsTuAnZmsyTXdDdGgGvkV6C6oTAQzNzB3VYHX,ASKXWpsAcrDfA29zHKqTYMdcqEdTJsAAFYHBXitGSghQ,286.90
EsNgcoaChYZ6Jurn9JmU5wc4cZr9Pe1ZoZQhighHEtPW,GALTjTE7SbeGWfYVGbUCQp82VMGw1uc3UdCpgfEThrNY,286.80
Bn3wRVbLSkGtF5tFntofMCF4vF7QUQNHD4dWfPnFzpoN,95pksWZ6p3sTt5AmLnaF2vPSEHDavuAEGsYK6QfwFspx,277.42
2Cj1fUdzbpj1zhyugfqSeBC97XdJNGafkhPRbutEzxCr,6jh1ZkMaH2exb7bpV7SG2b1ePzVJYi4X5hBnwU6uZzcT,275.14
AoAa8USn8CovEg3nFiwPVn2vGkxYRWQYXZGap3fCrvVh,4ebHTqyLZJFPCkKQfhAYt4rBHGoxofe7xTddQsuSdDRy,274.93
8xYwg8rdLfE7MqbDnh46T1HmwDrTybV4AYWxD2gRbxYq,CYygHqWJsxGdrBmxDwrHNEcWR45QZ52CiZ5LmCWkt1Ri,267.81
A6WzFtyy9cwnFbL9a1QwaZL3TBhHid2FYHLyn342mvh8,4g4ThWuqvcNFHKUeQrLidrMwzUJHtLjcq3C3XSUpS5Dx,267.32
GNjwNDHrkyTKdcK82sjVmyjJgZfyWdnavgrfhHmP4yY3,As9neh5Wuw4kjYwvtnjTF19j5pUo6aytJqe2j6wXziKP,263.43
4Yi5MQ5bbi31FryUVSumUHXwYweXKx5N4FgqNeftXu74,3mu5QwwV6HoEboNEgs3YAVsQsyc7s5TiE7xsc5XWj6zM,261.42
FZgvSMt6TeVwq115o7CP3m9rjaL2Pf7kPcaXpFt2g9PQ,G6mpLurmaixEpu7Nm1yTwLNAGvZ8tDiGSP4odQsBB7d6,261.12
565BMT8gkaU8cEgbViAkwNT253uSvGTr1ypuEU9D3a8Q,C7vdiCNcvncpQUpLoUHCSe92ZG7hcJUVC1ncedWdU7a4,249.94
H1WGeVgeXXCZ8EjEpAhw9tHVnHft2fCafrQLGrUyH6w6,ANeyEK8o4pps19ikGBwwxiquMDNGNiHiVy8W2Jo1fXna,246.03
BYTgBnUPKUrNCP4Aq4RCKGkmiiGByMZvL4hE3My13J9j,6RkC8vnujayKwrzghfSgRGQZb5NFRnEgoiV7KetYBT1t,240.04
4xfxck4LkmQ7TwC9g1EvBVrHStChC5zeKA2pBkEwN722,HqgSepxoUAy435MmgcxP1brCFjGbUpT6GbxAy77dcynX,239.01
8kffZX1zHuQvqsszKkAfxfb9RMkLsGQLA2LYjh2GNCaH,Fru3wT4xgAPfdwxWczjrZ6R2hm9LjJ8oij6HsFUi8cQR,237.95
7Vvv4NgmjzB8FtnJmf85mhWbFw7drtsgknZLtEfFwuJL,ABcQsf4hHeas4SK2RRttSGVwHKz8kvb9giTwdmvRe2WZ,233.90
8o1bF6T9oD5Hpwzj8kcs1NkH4SvjDQG3yccoa1VeRTcV,5W87RfjE375vf8Ds4UJbFTmEUx9NRAUeBSsoPpPight3,233.42
Cn2hTkQ48j4Vyr8NCbdkmbZ52Eh4gyBUYB65WYP7VH5c,BQ6sTTkKncxerpTzMNr6xGo7xBXa2CYJSrsnFC8Zxjyv,225.28
EmRdP22Xi2V1p2kB3brhHTsi45KzybrQv2ANVzmnvYz,5AQ778zpCgFfD4nQyA8Az18mKm8qHqXvSUKVxbFJtSeV,225.00
A6aLpLyRRpxx9H4bZpUXjcJxveLChQMHQ2rWtDb7cYHH,2m3utcSWrcwXywN9K8dQjFZuiZgG6msmEUmhDMVojmGh,224.65
EAVJxtiM8xffX79jKwGYRyqHVhEy8DPfPTza9UyLErav,4fkH2rYoWEdbXn2NsRjvExnKVWaxh6ya4ykQaSJMuCSV,221.00
6BYyiV7TH7QqPgj7sUZaZPc5eydwy11kTWtHjiBq7nwp,J1v9aB4uBLeSLfntttxWXEq7oDpRvFmR97CG5groCC7k,216.99
EVVLGVCb4PmqLknPkQLaprvey2x86CCZi92Sv9LGwEu1,2KvKASnM9dgajQXyDCwwHHtTt6uC3qYYEnxKi6W6V14N,213.48
8AsEPKEeAcLw2aoUBLnHTvVuj6zVhQDDN4nfwMxC31SV,CaEUDswvnXvdjsppgZe8aW5xMMPrzBbcCrLuqG4aQXem,212.84
2fLUdUfuHrk6zudGS4tCsyB3U42dk1QzKzdW4kWu5RD9,8YB3KKby1VSFhqMWrSonZbm4sycs5dwzujATX1E7pvgz,212.30
GhczpXMs5HmLYAbjNqM49FQMq8eSjc4A9zcwSJSgogHw,GLnpp4R3bNJk8TTTZNSx8xoRdwAZXqYQnWPDS8ZSQPBR,211.13
Ax6G3HmZKVsnbjRCQLzyyK5eDZpQqSEtw9ZbAzZ2wJSd,CbaFM6dcZSeNpAbfoAXWZr1Ec1E4ACdhx2e96oFX8QN,210.68
USxEJUYKuriNH31eL1gbu2DmNbo8BYzHYqagp2FmXvm,5PqEEHYpG6SkVmYqHsgikNzii7z9arA33xJKdnBiiUWs,209.38
2SPfrkvE2sjb6qeLUWNQgU1K5Ao5KBAYiMQZGszDaUsz,2YxHRtQJ914rQkxqyFYC1VxfpJWMZHLqc7SAMPVjipRv,207.37
8pSgzpYJAkar4HMuTj2UNDkhW62pHH8eYsVeeTmAif9X,5kVHQFJfXNAF9bCPgrJmYXCAEqdCwkrw4CWw6aaFzmeJ,199.93
2i8M1hwNQEutWK5qNLGvdmfq6ot4KBvcWG1i9wLBDB58,HhTuCc8yMs8zHuHJS7yCnN1ZN4KzDiXJUCw3qpuCBukn,199.72
CnNBTKHSpayupqgAHjESpaYzpp1vv7XEC5TpuKZkgEZS,ATCYD7Mzjbn7hbJY8QRcx6GCp3zWpHpGGNTp8ATb3u6G,198.97
FTjnMFLZPktaNyDhAXy9KeH18SNrUKtnFBzFktFzm2dU,F4FsoH12zFpcsqNpvDKcpRc7zegbRvAsC5Ni3AFEfcXR,193.12
9YiCdUDhYGzBfk9hxHPuxbVT5DPksLuX2kzRosLqjSCz,C7enZV73wYtJ8mRDVn2xLxsWhv6SVrF67F3knXT8NdWw,184.11
BtdxCbNUFfTRPetE9pgq7g8DGLbMFtGT9YFFuNu5BmTw,2S33Ubbv1cN7DmbPR2ykU9FZit6zVRU3DiJtcZ2ZikDL,182.24
4bXhRkmkyPoQo1WVPh36qiodtRUWTFGX8ZENDk9eP8xH,G9i3SpmW9eEZpPhJmy2rJy71Yx6wnuY3gJkYTGPXJpwa,177.03
8aE26dr8f6TZzTSJkDrXxDXFMfQ2eeCL8ZXk4g2V5ksn,5MrR5xrWwrm5z4NUPo3qWbBowwnJpkjE8hRTqdMkZzqV,176.71
8htoP5Yq5wwCPmrLYfEngK7JGfWUj5csz3Fy1sV8a9s8,9kbvhbnVt7A7JQdF2xGLFgGtHFxGau2z8LFaxDj7rXZF,176.70
5hR4axxTHQ8DQgV7YkPRc4TCnzPNhDYoxZCLL7tMvArS,ETMPScu5JTqSehDqKEtL3CjF4nCzL1bQwH8wJFi5zxTE,175.18
Ha3CSQCz8dgHLsC9s2xebJJi8ZvMzkSmWoNi1xUaegDH,9BcUfDCeGewL2nbbMMkrsw9ERSpoetTS7Fm6fxS8nwWH,173.34
Hczo2qZAdVgmXFwN3493jg21HXAWvNp5W85Szcu3yvxN,FjwoUGuVmzoy2Ga7abnsCj9AcLvvp9uPoSb6p5KXJdrE,170.97
4hGB68Ba6JZufbavLyLYfBnqP18aPyp8p2iJ7Mmz44ZS,87fK4KMRFvQgCzkmJpnSP7wLYdLeJozpvN3DYwUUbNF1,170.70
8P4v78DRQuNMpPZLLZJTcfFpXeEChxqSkc2tAnye9rvk,4W5EikYhWjjgh4evtN3X9tr44Ukt3nkuQfgKciWsGC1a,169.15
HHUx1vSq3tdqTxjaZA6LJaLUrkErytm4uE759fxqaudX,3TELf5beciLyWKeKntuqRRnz2azW1LnCEXDuo1LUv5WF,167.35
ALPVj3LkQdmiZDupapxUCPchuQ6ziaEbGiJhCsUCY8GJ,9uWnjtyTeBmGuDreSCmtZz4b1QDJBkvh1rangxz5QUTw,167.14
ECa9gJKJjVopazi6pxw8MxMeHQRSGHKmBUdiBGvDetg6,2xDzbfQmwd5Aybv3k66o7MsiQFATC9qpbcqCR3NQinLk,164.38
HyhQ2GaaBaJePzC6eyE2QXvJoUmVXbZeJKxgEJSpp7iJ,DfGzUcVvXf7rP4EKm8txXfC9SpJ81kqTakfKmcEgUDob,162.21
3cqx5JwSHceWa6hoVLQumND5v35N9D92xW9SGMK88J37,3AGC7Ar9D8Ge7aFp9MZTXJA3Uf4W9qRXrDAkbFoWgpgQ,159.29
4AY5yKD8qFuYi5J16VV9mMSpvon3Gn6r29TjgVwWzDBQ,9cemTkfg7nmVmDwhX8mn71833kpWrkiU9iCrmhcRQ1rm,156.81
AyXYVJjKYGqeSAkvizK7HFavcdD93dGgHivijkfei59S,EMnwiwe2RLodctrM1Wfshf6parneyNe1vAdMBs5g68Da,154.45
HYch5Ci2XJAQuct2RiAYKsKGhJBrsgxA3cEt9mHb27fD,EhtgJbWo5P4HFWTi7ZacQyL9dcSRiH8MYQhnJaSwdAG1,153.34
6Bep5RTnUZH3K2zLeekvyFBRx7zjwqCgZg9aiSvjob5r,CwuxHUPoRRJyhfJrBWmCiAgNqqbicVSqLJV42qnZgj62,153.26
2dMTGZ3QehhQsGJ3Teq4CaFeMCULhy22L1vSJnZdw79a,kRQF6EmnQCbmWhy9Att5KP2Ywjnr64GSqswoDCEfBxN,153.23
9SQkXgSBr82V1ZQ7mVTGqfg85Rcc7NCfdWJCRhaxBbhz,4xUz5zE3CCicqWo5J6XgqJTnMxSxQxQ53Y6ScUhjc6sj,148.10
3DmrHUdjtTprSq4V2fFCPvHzxtAYCcNHdM1CLtYx9KZw,5HD3yze7HGbX39Y1nZMLGTPnsWWPczLdUhZsD23NeM1s,147.64
EzeMyExvCnRD5USXxL6fbmjLq2CrbATdbnJfv5ENWXA5,W2F44DQdfh2oAxLPLmkGamG9Jhz2TtDjzJDXkdpSMp8,147.52
BtXo9SpgyNxFZGCWZtBwo2GxMze6xq5UeU9Z7r7d5qZE,BEdhASbkyCZ4oQRSSNh9hmP42Agpd5Ektc7N1KaWwCSJ,146.45
9j4nMETbEzMcyH23WUoVccosnbcJUidEq2UpvuYWHVtm,94pfPQVL8cysLuvJmADKaznuziKYkfmzfLEeYnoNa3AQ,146.24
2ksvR6SQhiu4vfKroLxkkfMhxLJtqESbC1WezgoZV9sc,GYAxapqNtaqZU1jS8SbKrRw5B2C6FV4FZTQkDEzUGjay,144.66
BLJTq4VjmweStQtctmaxkvkqHpvSGEyNdbJLHAsCaW47,AFABiTmM6rGirPpY9EYbmb4aYiMbxHBxZ7JtsL8sSd8y,141.64
9aQKEBYvjBj2xqRf63x3PjvbhcCiZQ9gWnDXehGKUvLJ,HYDEf6962258qoHevKuVKsDaHjdnDeaxUMy9CZDHHGKH,140.07
EnVn9inRfaT71WZwDD1wjz7KM3NBdkS2DiVVjwbJtECA,49M7ij4eyvWHygyC7NMHzMs1bY1o3y8qoxRcZyXBtAQ3,138.81
DcoBmXu8XkSDQAYvU9CCPjUYrhF7UptBoa614mLszf5K,ES17tEcJc9nVqJdajau2X6wWU5GaESXVssVRaaA79E6X,138.05
Cv6HDJ5oeCDjcYweFcKK9LZh1YPbmrNwSyaRKzgWPiBY,4w3mMhTLxPu6qd3QTkDt6Y7awqbvdxQPv5tHVX5qo1d3,136.69
Gi4dWxSgZpsRDYrecKYhxJXR4aXB8TkMLcVisRZoB1tg,HZF9FGYX6QMitJnGufWwmNpVMi4g3Yqoa8fCrrQ3C15M,135.98
D4euMonLyUpQ9Edg7TZ3dTntBGZEoUERzoxrsDsDwDEH,JBUrAd5mXNXfzb9uXDYtxRb8Njvoc3Nk16ukFdT7Qd7Z,135.68
Bc2PDU4dCRpsAJK4ArBV5rLBrsZGPRBHnrEgtLvcXgHs,4c1kCFAwLwfnuFdKcXsoxsVznFSM7fR5AvCFmVap5aER,131.92
43vvRFN4j396UcTAmEJHTswX9fiT4t7nfWTHaxSZDEYN,5UDEwkQuZg9aFDVtyR48NXfDd2hqxpmpWmXpvR8pPHkU,130.07
5vNacgJJFWpxZwnnhMzAXqunhmhcc24SHWmqo7PsyfNA,3F5wjw7YdfJUGZcybgs5T8GPpqjvWBXQbgirtE1JvHwU,125.69
EED8EG8MdLg8cqUMzoXRfWc5F4mHJT9gjQFytzJGmEYo,985VHAsroYtFFdNZrk6bgegK6ivmtDJHvztLZsLB3U3Q,124.44
VM7jmANE15JvG89uUaj1RyDUWhXjcmeLav8HbxvZkdJ,ChBAuuvxhxQxSQKndwyn6tbyyRCgmdAfUCPFG86febYn,120.18
DPC214Yaf4QPr3MJkSqccp8ciYHk4Vkyti1A6djhDeos,Hy5fd9LhMvdLaZeuXRPSMcPX6Q5zLyUEk3cjFap2Amin,117.24
A5sMPv2zDdapcxg8jD8UQ6Cf1z7BTdoLwqmh3ZuxQsyX,EpfyPjcVh7475kUkkHaHekJ65mx5BG9GnNRcBeJ58y8b,114.94
Hc8T2hgXxuCUQqw2yPdwy3CPbFumGFdGSiqnywKgEX5A,CPgkro2d6AyXCDQqNFuLBT1xFnDqqHLxFoPFdcBdigKT,110.66
FVe1GmNPTF8mCEPyNEwRfYff1Pd3YYcW5R4LSLKs2Uxj,FMapSKZoC1wgDibZTBXEujdgMLNP9nTfWYkeJnw4DaWo,108.64
E6MEbYjVyPp8yaABbA74zEQazaiwXabSM8jN5btdbg63,7PfX6g2eEJgU9cJbQLDJ1dWwyijMFPDHCfrYf1CMa9KX,107.71
9KbsYofPXiizQsnZEf1Zkx3vQBEHYHX8oPjDmdYGQTrN,7YUxLU49FE7YGVduHf96xukneCDord1rmpqmA9jPUjjm,107.67
Gvyd9nGjN8antMjEKTNtut5aSGWrs9KEBD3hPqhSFTLv,2KH1v69NSNViDoojaW67gNGkkyUuepsP3LxDVQFUrVAJ,105.99
DmBmKt9oUzGiV6fzJgbSdnLQiFqaiN4KutLPiuHksf2,5723MHp9WDhD9rKMQK7nJAZrqnJb4KSMkZHLDiovKpLi,104.80
9zhZSM5wCdhoDXNqPf1sZ3K4VMacRKD1yJdpYKjQE2Ap,4jLvsXJfQ7eqKqP5PMVxAGMJcErSwJGGiEWB5yiEymUK,101.74
DBX6AZjW3cYK49XcctYKeHXH9x5XzZUHawoVfJgRXK72,2HaEuiRpUrsNGY7Jo7RRUqm1NQBTNQYJ7JmTwcD3Z31f,101.00
2bAbSi6xApxT3U4Poe39ZcjgzVDTK7CNaiUwjrXLHL2o,3xQ9cwTT149EczpHYcAT6qm6Mb9P8Uj6HyVsH8xAR3QQ,100.66
GSvrSUjRpk8fyVXibXbYuPJzeCVkVrHDDGRZ9sjEGehZ,DfRDeFmWMFctbHKg6de8ejzfMXs24Wm3axmG2HWabzsX,100.37
D1tsxC117iSekJsemBpocPSVr4h4aS4v4ayiimTDmWwL,A1qAkpufwmwmZSgrSvu6uAk2Am3d5F5uZ8DtqFKXoPyW,100.31
HDU8Ugs3UiJC89a9gY4HwrNWDKgjyDfcegvBm8Kojx7a,Gb5xMHGEHqjHWcn6SEcN54XF5kRwmJPr5UWkmyZCzFEJ,100.14
43LEbudjzzprVKDULNqoqGMNKFZPLcKiu39Ek2P987Ve,BoWtERPCV4VgLiRy2UCV89K8EKsZfvh449nrvrgLTAoR,100.06
415fASaE8f2snNjt82XakehZ1yDNMbECNzLrSb3GVvfT,BwnwtU8PNiLLZ5rYf6Pyp2QGn2B4eRRsZPz4fspibqzm,100.03
BPToua7MicXJfN1Vy9xkgyqW96YbrfNQGSrPN6KyrshT,7BwzhVicZwE177hBhQUkxRe8EoqLdZeSXKBip1Gj6U3A,100.00
HcXKS19cUs5GhnwuXJMw4c5qPRPVUk9CmCU1xtB35YTK,BDt1XerGnjE6coT76fbs3eDw5V7kBfzAUiS8kzhkqtck,97.29
HKcHQbqfLudF1bwfZjSmv3kZZthALrEJ5F9WN2TCCJY6,FTwJqPyZFSAbPFtchvRUY7AJMP5vKDjknE8Mx5LnbkmH,96.52
4xPY9Fk3L74zQ9mNnFpPc56yMNhYtPMAe9AZMJ2j1wDo,6iNFKxsD7dNjoxykP48BZSb27DJm7piHuQquxDrrv67x,95.43
AZjNdxJjdvxXPF3adgibZay5y79twrPx11VzjX2FC77z,8hN5unPQBY3qFcu1jPZQ6LnGVrNuN7YXJsTtT19EJrCR,94.74
EfMQBnAhhKu3fqGB2HfDnbCvUnJXnGHvvvP4BbPGhjea,7kgapHN4Sk466TKRH4N5g3jGHxt3qyJaREdED84NeXga,94.60
2dGWMNMg5sy5oMuw2tT3CHc7EMsUTZHSTGRmqc38i2Ac,Dso2gjfGzFHxt4ELg7EhLN1QmAqUxhue2UTeZvPxtBRL,94.01
2g7cVwqNQFetjJZyPCAK6epC26K5x9j2CqJ6dBYPvJAZ,EZ73611FgXPhsodZRMdEfNGU8PNYEMnRN8dFcNWKaew4,91.18
4fUEzW8DaKiXDpQerLUA2JBw6NXtE5d9MSMuWVLvUT5U,2GCbn3G619hrgkGPqfC1EpFLcXAQ886nviRoWFxrECm9,89.01
G6zk3GPr8ABmiKzBaKcjmPWd86LhJQ4X9e9jbG42oywa,FDqyroxbxMT2aDSSbqPDbmXMH9Q3tke79VrbWDsdZ52L,88.78
72NNg5qZuP6LUtWHvyfBHkeuC82ATXN7WgVPcbMpnoxa,8LABbd3neuWWovBJdRuPpnuJJ6ZdxFxSL65A3GjJmv8e,86.87
CUnrTTmSm93cvKLcCqNcD7FtcMKgjXxXheajzNt7Z8re,93RqKPQ73PZub2KacJGdkrMsXHEzoVK46h4o468RVyfj,86.81
F42NwWNwJZa3XMX3qJZS5KLeYCJuNfSyrCBWQS99CxQm,J628BWxnsJHHh29jjZmhpL6Nem3SPBmE3PN8CbMfNpJ5,83.31
4gbmu1P87HLih6iSug975EzUHGNd8HP9ZVddQZ6L1vZs,CeeZWqo1ub1cp2tLDJwCRCofdoSQVVRbuyyp7sC792zv,81.65
E4gvP5f59qdTJEaHf6cW3ef3FrQoYnvNSMxMnDK1L4Yt,9yterzxQK5jqFFZGeDrPx43JKqtaWLgQJz5uCbGGC5g1,81.63
GcA2RUziN4qP1PqrUxU2diMCt6u8KSzFXzr5UcmhdSZh,3xaDPj2WCPrmijR2ZqVS8uwgUsembWhyjyHfmLSRenzs,80.00
55WL4AkaUQtXyY2kSMGCEgQQojVSq9a73tm1KPJbktqK,BdiPfhLr9rPWYcoMErjjvm1TX3TTvDqaDYmfYcE7pfrb,79.46
9Q1c7b4GLZU4eXm7fy4Vk5ZUuYbansEYWHFx1KcLPT47,BM8Z4Fz13PdPTs5tV3eizU72N1zfP9xeXoWCG8ebSxsR,79.31
AHBCrPP2sGyiVcNfZEB3KUKJezJd3SmV4JfRZXrEQKmp,s4jP1z3aYSmQD1T4ZMPZ7zmriJc226p9w2xZdphewGk,77.70
7NboozxjsLPrhJkWtnEUGePJQY6s3xgcpgPSZWNLMgQc,H6JDuWH4fpF3nmGyjhVGisEBkX9RQysnH2LYoSUFbXF,77.30
6bDBUQ2qVDAWd9FuRuQ2XMDKRePZAycAMtRmptZfH178,HDt6Adr9W7MxWoVsctbda1GaiFmt9Lqcq5sA3nPHZ9Am,75.58
47R9x6kk5A4LxC1xR1iwWFNe2ws1UcyEMKsF9Z5XEzKj,7AZVB6iPuRZiDmRo9bb3m6YA7eWpq4TE1DYytnze8apk,73.39
732tSt3Y3HiuBdRWuSuRkuwC3p5ejDRcoQVkAMa8sSq4,ENWZoLak7bkY91M1TirAs7KCtcQcfVTCFQEbgfPNXuw2,72.80
9YpHYWdWjFbX2ZFeADaKFPxN2KQgSWbFCQXZLaBpPG5F,fBMxQA5s6DCLbhVLUrrBNPGPYf3BmKbMMJGv7sRNfK2,72.18
n9n2SQuYbWUkrJpbrBVawD2qF8Z5dXxQ8aA17AsYRz4,EDKaFSzJyApek8dDLQenywrQzU916ipGVDJLBR71sxZ9,72.00
8JdgPFUazyicPiuyQT2YrhMHwDjucNfv8PJEF97B8kEs,E9xAVULxtH97XwAnBzLgMHCkMGeDAKcREaFHLayT62Rf,71.58
AFNbNsPJeFU84Zbx4VsaX4dbEnc16NLkFwXBqPJ6Nn7y,67BEfLqLgF1JPErgpPGuHGsaKMMpBRyhxaB9PWWYK2Sj,71.44
GLJAs3d64aRWbKPBzHc21dpK2QPZRgJqU2bFB4LDUq1d,C1PcnVwvkBSBcj4fMfoL3BHRd82nSMH7TbgCjguL15Df,71.40
6ktedzWMxQCd63q9nsNXdeqi5BSpLiezgPdjn6bEZNhL,FpLiPuEd5seXBtXBVDNkk3qvq3g8CVDrL5saGtGEyfwP,71.24
E4HewaT5RnurAD4NX3ggxaiFrxgkf1LJyxwXJuWSUjE6,72gHWm6aJXYgEFfNs7X6bAPyGZKNzDwfbVReZSzRgPfy,69.44
2QMYhA5PQkmSPvzRkoRAWjYkttWAsgdCy4HbDR96ztHu,DTwWf18DMoXALvATqFUdRnhsmffKd9uPCkNCe19T4SN1,66.86
36jG6pAnnW9YxuRVPVPA4iDe2e7Q239MNR2a8dR9boFf,9MRtPKQ2ZSySQ3iqZ26xhFYjjpp3ss6q425VbcXGUD4k,64.58
G6nUas3L55g397KyVtTMKtyahvYV6pgYowaJG7Veao1C,CLypPvwPLNzUbUob1wZ7nmgw33jF7cGzbEn9FewtcfKm,62.43
34yVg6XwkFS6y1bCEhLFxwEUdBuADZ6MzYGNMBjBd8Lj,HHHbC1CzpARU1qPapdKm65U15AbonEvJRudfMUwUSSVZ,59.46
2kBconu7h5exiU6ZpxKgxH89uhMaZP14ndnXxZqaRp1A,9cbYVwAt4EB4oVHvYBBYXX1Y5jHJN6NSFunAJ33zNKSY,57.56
BqmpubmjubA6hrDUkjrNYJgC3ZQYwFyYmZNY23Q5ws1H,5eexu7eZMrivcaPY4vPd5ucnM8JyTJBGu7ynhDaK8Cuw,57.41
F1Qiq3jUiEYqis5C32eroAXy8JoZ62B1Ndyk5CbUBHtF,58HwgWF43rHZhYHnMVK7Ex6pFPFp9KPjRbzFWA42YFvS,55.93
46K6ywZXe9c5zERMLx9VFVeFSQJrPfr9GLhwHATnQLNv,6wEnAFCiDa59y2pV8v9QF7tuh3Ef7Ra9CqbJyLbozXKg,55.32
3of16AEjTG1c6dWn5a33oTBqwbvTZ7ui76qt5z5gGtaN,9TGUkZZT6T7s34jDy7W1kFMMd3nNy6U2AzCpPhLM6Sa7,55.11
BpJ7YZgmDo2dBMmFgWhWE7YirVzLgifeJ3ihz6Fkb5PC,BjAfktab9XBtTDonAFkfWXwPqJoQ52URANWwbZPvUAUK,54.60
6FmHCb14TbvJaCYeVkyQBR6RKM37GHCNAk76akNktJpA,C1skjPrH9JjnYautvW2PqWeQnJQ6reQ3Tq5CZRNZXJUj,53.60
CU4V8yXXqgMJ13GWufmMBHtpCAtCboNdzM64xP1JRaf2,42xiia3igeH2gDsJKzZ4b2wvt2Z4WpwiupQjowsJjgjh,52.83
BQRZtQZV5VVmgkBvqQ5Qz8J9irgqHzbPKpNZGALLUHoN,AFSZrPUVJ6BBYjomv5xhDTrFmFwK7DzkuYDm3Gv6GLzf,51.77
AR6L1WJ2cmW9qyoHeFucdnRMh7TV4UW3v7ocHsk2aVLY,DGGrtesNe9Qn5r1WUTK4bpqYiGwv5TLw4Q3i4FPiHeoU,51.65
6SndQzvZ9pubTtB179sHsJdhnHq4UqwQHPQMWKehMKCU,9NTmZWqWMNSnPtdhjbiX8mjz6SeMuQRZAbpBk2tozk1X,51.53
6G3qZVQpPozUZmf74oShD8vMkavkk1fMLzy26Dkb4cyB,Dqz7YgYVGHELBevu9Z3LZPXGySCxiprP6FGdqJLgHN9X,51.53
FBQ7pbSm87kpJTQ6yJDnH5NsZ4FZyb7GuFw6wK5ghSQ1,AzK8psfS9CftKvhPWx55vWaGhUbxvM7PBYLfo6MazgBZ,50.00
8AToK3RCejXRjhKiCboqgiXVqZhEFdAqmmuUQvjxwiNo,sq7UXFz8SFC3usRT1Lt9YUTEX5RZzxH4XZ6i4BUCqVC,50.00
6kNeUNjXsyrz4Vb3g69fa1xgJaL7NP1iugEdqsFugCqX,4gtJa5AZGUwfhPmPFsE5hRqUxVjocXgLPxzUmZMTVTph,50.00
tWfWmpxJk9bugGptQm1zwEQhjxGYxA2RgMwMAcbK2KR,CtGCbLfjSJG1CHeBcu9nLDA9hBTptGnNL269PkGGxY7F,49.07
AhMEw7gZX7QscpJiWKNNzazGCRF8pLAJmHUGc5114RwT,91nMGCxbuPwmDQZ9F1jFNwxuNRr1DLNKFspHVUUERKsR,48.45
9bJ4enwyW23geYBDJP7y6AhX4ckoyvyhV3UqEgwtaRYr,7akNVXtYkZhdaRCSXr1BNj2zBjugAGjmBZHSG8kYWfDt,46.65
AunbWNuGSwyfQkJ7LxYo87nHTX4BnLzznjuJKDmA2y6b,8eEYM87Zo2A2g2NfwsNhNpGi43mUPzBRZG6msmRJK38V,46.07
3PBgX5t7RAq3Gj8LR83yK7UqFsX46Ae7UUdYfjFPn6tR,2B6qEYWc7vYnDJKk2ze2HcynSeKWVyksDntYkLASeKPP,45.49
E5cAVKFBWDbWj2UvkNvZTeLCcqVecpcNSExpf6AbkXPc,5igfKjCZHdHUC6mojYgmUuWtvCN7ZxCoanwEi6nMDvRj,43.87
GM2QNaTptjsLEdgZfQic8Tn1WvnYNMh7A9xhUf7P83Ld,7Zh7p22UyiSopo5sc8YxstviGnMGpWZQ9zjbC5g3U4M4,43.30
Yq34voaLaWpoF6g5Dj3G7niMtxKDF8XcmWBohCvVxth,BXFhCpRN2t7ePZp1D4hYwoLtz9JitEVotZXwyufsruQE,42.55
4iCzaPJ4WK5QdSCnVgtZz4KZwU1xWYjWFv5vUVu2W8N6,CWcXUeAr15Y6CaWRx2HKiSUuTvxumg1odPUf7WkHw19y,41.42
5ZDmuHrbvDd5HFhTPsxSUtipB7mpmwgRV7hSwrrrsr2p,BNJQ6yBXX38Wiwh7h22RBuxzFmDQXmRMEg6NcDUJrBNE,40.72
AGW3WT1HTa2fzTT9h5Umy6mGyP9biA8R4EuCbNP1ZYf9,9NPTGRaY4qTM52zj6KKWcjY6r5CCVnqJQ9hZi45sEQo1,40.15
2HRGs9GWYRdQXn7K7w63dQ9J3pkNgDHFYo4ayy5Xz2k7,8ZQ3KrcZrtvh6DjqE6dhNfv6URGFhuoYopXqfYisv95S,39.93
3N3XpSyBC5iJNK9S3BLNRceYc7X188ZNbiNR7whq1Ms8,EVaNianSrLFgpgVjQnbGHcMThSp7rU6YUe3erwG6tLuX,39.62
2aULSGSnXi9dynE6KTFL4Epkt2oRggFVGfLqgjoMnbaz,3EJWwq8VpRhNqd7mfVkt1yk9E7hYGX6auW7z6vMPjVMR,38.36
2xwqb3YGc9tXKvAbyLCgsmsp6hCv2nCsQAjiABUfdiMA,AWJXXmc5ZQBUMsn3oVv1DHqLVToYYPgLKoB4fhwLoaJx,38.10
Gg29Qc3q5LBm3nogBascqtUSrXdBdqBwzp5qZPxrRVaP,34Nob2aa3XeA1rVGQkWFQzadQ9CyK8uN1DPUs7F6sXaX,37.18
85A8RisHpQ6mNUwdpsmqegrHGH81WgjRyLJFTsUwiLb8,FEGN9qQhVkndeSn4tjtXTxK2RNxVPNhgSoA3KrGW8Kqg,36.07
Hb686JoDiK63jaP1dRaEAJKaAJspZFm3izhyoHSArP39,8vogZ9NQtYvJApSqxRhbdeBxzK2b7ofrvvwL6z4L8d7k,35.59
2F1VVXg5EF5D6Bqdrf9wbWU8AEH3v1Cc3ss6bk1NwqKh,Bf4TgFz2VC5efSgxnYBfDeE6cLzuNurCViLSV8y8Xxma,35.13
5PHqgwsrsAxMfAgVoRgLUTSSkvoiLXbnSUdPSvLCK9vW,2qy94uoeGJn99qajPhCPRZR4z3WAkTZuNdLziWyUEsxn,34.25
CmgJgz26fG3Lnj5ynq545A1XBN4BbJAVFf134TJif2yq,AneHudDrVEMHroote1hzmpD2mfGLF5eP5zbtAPtQoSxd,32.82
8Ef4bZW1EWooXkAvEaQRbuJGn6pSYPazhUJ1fWyGRnfk,6zJSgR6ZCqTs5ufNcYuTXN3rNv3QdT2Vjc9GLhiCrQVQ,32.43
6zxGbGw5tGhrAbC8cEMLsh5aUZJqMb829dSNMkbpVHcy,Fg8LvpD2KwzU4wGhSzJqdL3qZUwtFpgTwio3UAoPZm3z,31.67
ArFM6V6q7XPEWKjyMZJQGVy6XahKRS8L6ygdDKh9jD4q,Djedw41EnbN2jP6EzoPcnd92pw3VpWkWhUsg56AYeCiC,31.12
65L7Ew86gXXswsS92txS3twuWRHpDPyqoxuLc2QqeT8Q,BtqNPsHVE7ScTuufKgkC5MV5ytZc6hahG8ngDBE4mSAZ,30.80
7tTFoRgzFw7G5zLtesG8nAvWMLA371F4wKgSaThjLjpZ,AqLVvEFT2tAsMvsSW6eXXdCJjwdiHz1248r1dyPYGE65,30.42
C56WTP1f7LguHP7GPKUea6am1ForUTTNdRKxBia8iQJt,DME5CYQKXFuwNmC6HDCHYAjhacKeMMsPM6JZLag7Dd4u,30.00
7EQBwsq5SHUxcSA8sXE6y9GbqRcYD9ekNJsrfn7SdnDE,5ueziGNUP2VCsmYPxaeTaMhZNvWtWYckGAf9M4wR3ZMX,29.27
5wT9jYN8C844rVCUR2W23exVC3pYyEQsAxqtuebGrC7K,39ERBBH87xzKZhrmXfVUhvHT1g6zq7Y2qMQi11NnUBfE,28.94
2AWM6HpZ33UuJZB7EvKfbrtz5FMzxkZq3SSBccehhHir,2ipgXLPtdP8mYSm7SgsoMhDQDjYTJZ7jBy41ZyUqVMQi,27.11
8uRjFbE1P3KuVoRhRtRffypMzxQeM3RtpThEqD29mjnd,EWNjuRVxustDxBuEekcRxsfkFjVsgfYDK6oWb6wWpoTT,26.87
4JFpTSMK6Q1ZLcCqNbGvu7Q9rMbqyRqGH55Vhx6tBtMA,8846vLgfC1pX19nBakSv2gL1JRckF2xceaH4X2YK2Wor,26.08
7aBuSbAYD58GzByhGqv735FJ6SqeeaPptYvePkhatsJj,HSPczWF8jvt6PxrbQjh31iNwDe9AJNPh91NKNvHX4UTM,26.00
137DFZNrB2gVEgTp5PygHohde9WwuqFtigKfAgNq29sn,2HpgNyCnY9q2NsyZZkDbygqYX4JpU729EoifcF78WFZJ,25.95
972RV8ZwRu7468pYsLcDGJJ8wsBHHvibgK6iJ3ZeX4ur,3JiV7MPWR3jaqFw8zNeHNCZyuQokXqNQ6UAHiueFig68,25.35
BpU3DcbaHmrfQmtCeN4ScnVeMYzb3Es5EJV52nHjPzSj,8djHvbAFd8KXTgAMLa5WwKPDSxDNvAfRbHUWRse5st29,24.37
86cWdQDmEu5hkV1aahX631Kzs96RHPQicJdNinAT4EYr,B9EACykkdZEEDnFKaQroBuas6WjRnmSZkyvMbHAR8Px3,24.10
7mdJX2eFQkKy9CvCzRoEHF3XtwWMjWTAPjr4bkXyKX4X,2tCa2Fc3Ax2Egt2G4hfHV1V7xfSuPqy7dKtZC4f8ESzc,23.72
9dEP1QuHvMLRvg91NGCRy8mc7rPmYDFh2iGgb7c3o3E,D1naaHrqBzqv1iBFNMUS4kcDU1mNf836WSsWmEdaW4ym,23.25
DPKuhTsdYuv3h5Yvejkr1N13r3bbZfLavY9PVDS7vkVT,BHsEQpdiBp7tYVNfK7wZDFeQJ69Fj9RyAmYkk2UmAdC,22.20
3F7Ccr1tZfpKSVBomcE4xjnW4XhQjRCQvfUHdioFMcuQ,HqjxK6shChHPvYwFqcEF5nMF6DX9AkPo46WvxPDyNtiv,22.13
ETWStMJDZWfFCcdozTqUQCRZx8SoXGKh3vZHVu4omTXK,DjKfBUS7HhTmtTiQmvdd2sBjkcEFTcwsUJ4qUgcyLRjC,21.42
4BTPkPJrpjfDB7As9Vg2bVeEmT4vStkJdVa8PV2LPiWp,4LWsvw6R3ZUaPScQBbQdNrKp66zmSEfMydb4swdhfxqX,20.84
AjS5kHT57TG7d8es72uFCQgw1QV1iEg6hJ7Dd6tLCMxE,8L7r8nMZtQ3bkSFa9NzG3L96TZ15yb7cRE7TzPWiD87k,20.67
21oNNiLZKLzsTSvkFpW3VMF6a7GySV9RF4fvNiCwAMbm,9oCdwgzMa9ZWAhdM6VBXHmBPBsgcPuaL279xqGhVCBUK,20.44
DzhJfJbbt57PNaFd9peLghNC7giAQrrYX2bBctaR4xh1,Dng35pqpLYYKhT6wLDzRKRvecRCW2XBT14WsJbJ7TFV3,20.25
CUJ13r2tbPA78zr4JVSPiEhf3fLuh5D74ArqQnhV345y,hDtWQeeJh18QvjJukWjy8cwc1c4qiYvUKCZh6apSJmE,20.25
CkX1aVrvdP3bSXhoDXhufHDXTx3hfhrDibfShJdjjeuf,FmtW8go78zTTHddF2KoMbpvr47tN5VingfSuUts9cdEm,20.21
DT3HbjwjmuSuAafzbRWKX7WAGVm924zNXCov9EmUiwx3,D5LXSJtA36CVbzB5gsaNfCGEu5sk24fWQdecLtszr748,20.01
2dBWuPWsRBKj1i7QsACfbNDJgzGvVEJH6nmNj3euGDp2,Csc1T2VFQ5AUVEEygZ5Dsfc4NctgAqgfEzLbJiBH7X3Y,20.01
4VGvdhrMGUFdiDwKzUr8NP6n9hjucJKhZBNY3gY99cYe,G17Db3M6pwcMjgUMW5W6ht7LDv8emuFX9vw5t5qKKrJH,19.61
74ARkdDsdVswa1b4Md8NYCEoPxGr2izhRKspqWtEc75D,35D1cKqYkCNNAQyFLgMsBaqsAjbqMVx4RmqYbK1LbYmo,18.41
DhbBzgdCFrhrDpADyHm1pntfprp3jNaracqBcLehLqK9,MFtTwo9c9iuvWMejoRk3D48JpUaSJLR9xhgbB9GqKgh,18.21
GhcQGg9L9GJVb9jT8Sn3YxLbPYAGHaR7H7vb5buzWVo,ErkdWUEd5kCBgtGue8JYBQVELbPFFtrLQgv8DQRhqV2G,18.20
4RLhRP14kziW25P8PNjuzDeg4xFEDE2h87J9oVkayuuA,4wq4gDq1T8pniHbVq3iRLasv35pxEauHSJmYsoahWerg,18.09
Dd24n3R9dXP1if9pacFUV7oLVUy89CFvwaoZaJEis3cA,58SsF3PDiZTvhU5ANRohnZPJMamRjybDG4UGc4Uigxza,17.87
BwAbwgiC3hLQu8tmXKxQfXWDV6JMSRh84eMHau92eMVT,DXBoJB8STjQmJQ9K6U244KRL7pTVBqqY8ujptVMxV7Bv,17.74
GywwgrqqRxeyzRwSLimCV4h1GBH3mcwvbEw5aL7Mmk7G,32LcCeS8WsggUotNVBFXSwXLZG36HHbmLzqs6AjotZyt,17.30
DCDCcByc6qi9Afc5wJfctZRK1KdGfrTDgZu6NkJJV3A5,GRcdNV1iun61JmN6hqyyvU5XgNLKexbnMVYFCaHLNbv5,17.26
H2wTVwqA9aMjBdn8w7rDf17ivYHsCTd15mKLHCEVUygJ,5AcX6iqVqoNbbSzjgNZvXiFPzber2xsicYVTFW9dZoCP,17.14
CLHsJpsQShryXQwY2sVcGqVj4TPBYPCiP414ar7SKNGt,HUk2FhA7EgJjNCcXwdSrw4rWgGXnowm5t9TWFpoxkL41,17.07
4UV9aCT16Q9rCp6dp4FH9QBMbwSR3jS9KmzsUv5sf4oV,AdtCxHqqAvdFPX4dEb6U1WjZnWvcm8tGgrngMTpT4gcM,17.06
4FTixJJeRqW1EisvWCTrtnyunV5o8pMBB91JEJN9QSfG,Eo1hmgYu5zupG8hoCdkiomvdmr1AVdAJciQWzLEXCbCx,16.54
HnKGSgXGpimyTsZ8tpSB5e7CLfZ9kamuFpsvgu4eHhU5,2rwzUweCTXxoWZ36TovseBB6EV6YWEfnVYjiNN1DWn4v,16.47
8qHowNTTwD3PUveA3QTQk79xjZYWo4VBYztPjSQE8hPe,CY5V8DYqGkrjeDmbauZqkiCFVwocro2TBat9ko1A3AUJ,16.20
A6RxZa5tP4FAsVffjNoL4ZfCjVKsQGMYw9L5s9fh3SJt,8AH777AJDHetYGLanq9hNbG8HwM47F16ChVe7b3NfFLB,15.84
ASET435aRXporjWicoo4MJJSGFTk38vBahFvAEN3x8jK,5YoA4aha8ja7qNRhKyu9UbpDaFUKTGfxWQfctdVshYJq,15.74
DFnM6fRCJuwDZAz3szXP3LLdtr9adz6oUZuLHr4hSb7u,Ggc8QCT3ZzTwt5bdG4KUDtrjxZX8GZPF1rmz9LbuAje8,15.60
4BHEr78ZcUbdwDaHs3DnvPhN9jwN1KMSVRFeswwW9wvT,FYacRGsdrJPsSC5MUvAtSDLq7YLj1N1EPDzB62n6A4kz,15.57
4rwMGrZAEHbnRrUnUFydgUina3yUazxiBcb8vDJAP2tF,2kkRBbqGgyJsFYahyz48StyfpQ72LrLXqxR1r6C51dmX,15.35
8Nw3uqmcXeBhBggWH9CWr51MbRq5g1CjUzZCiT5vewdq,E4RzzCibvSQESWDLLBnc5s2YD7sDeL3JKuGmBU6drery,15.30
BZHvH3TSChS853Afc5QdM2oq2wwUR5Y3CTTjwKVDmUPS,Fjm9BE7STEu6DgZNNutcVtMF8a8yVqFpU1MVTWPfyTKn,15.05
Exp2VgUhH9NaMmbb5pHWtD69Y6yg2g8RBdrFuBy5hoxb,B8Ws2GnSS7i9kJT9YLwWVeTqGGpX7Xys1QFtbdKPMWs7,14.70
GddZ9GVsSNscnGtcKT6ojMUFWQuHtwK8LE3gAtfAiTyf,Eqhr8Xq12CeKww4KfTwTKwSg6U63KmL2WSoXyz3Gu9XZ,13.59
AiUby9x77MezpU2Wm5JK4NsCG6H8m5gx3sa8YTRqKjVb,WGVkoKfKbPXp9GyPMGLFBTJn8kWchgwmKSjwA54GmN5,13.38
HnHocsXpnSjgDkVKdXeJBYFgXsmFfMRPDSrNHcz5iWXz,hQss5DwuQSDY4vncLRAdA2GYukBcXNnxScX2oeCegd8,13.13
HjkMzJ5pFQRuUbXrSja7dWbDDfRwckLA99BD62Z3UTgx,AFFDGYGLrYZrKJ5Z9UxhXUhZoAHXXU3wVTaQQgYiP7PW,12.47
FjK8KUh35DZZJ5k8yU95oMFgwywshBv3GS3HKiD8SP8M,2PS94D76WNetGuEP38AxX391WPwJR3Zn9DLinpaGmVDD,12.26
6E5sLncQb79UQsUVMktGFuvjLBMdbwjetEFA9GUkKbKL,8iRFs8r72fbt6J6QQxSN2G2tbavZoF3yYCKej3E4XDKf,11.91
BZ6S1cuCCiU1WomNQTdFCLPxGTVFi33CGwu1PWy2Egdh,B6LsNwNEUQ3GF5iyyEnP9bznAatHCJD9z9GG4k2L3bVE,11.55
2mXNTR8JFDgL49S7LXXFPmjBMUeBk2dAuYFD5kteBzzA,Axfy6nYGXndrfEQjziFsCX4KqeWgxnRcwcEHMTdgAF8f,11.42
CQTDrPGc1f7hjc6jrzCxT3ArA9ExzWn7RLH8qqazqapA,EUjZgtiE5PRX5P6hbPomJcQBy7UYPitWx2FMosUP8nrj,11.41
HoWTbAHXZyndEazozeWPsBpvadg7j1mH3Zd4JjLwoDXW,6QNHRcSohVcvGFPyT2GYSsZvNC7guATsBHZuoQ7gUdac,11.33
EQCvQ8XmdMN3XbvMc3P4EFy7VFCCDysXoe7JGG6T7XJS,GBhzvwE7pXCJSY5PkxJqR6FE8pJwhRhDKtmehcfDvCd8,10.76
FiEdAuZxneYYCfYLvNzYALZ6KFSrwqMurEfFn55XecAH,94MCN2j75i5zEat8UDAQrQYZ1U7ndmrLYBrwD1q9V7Ke,10.43
2LdY9KfS8YngTvYtHRhTCA9dptBsojo883YUciS5dbu6,sanCAjcR7q2HdRjYMRANH1gfQ5AaTghuKxPoiZCgyZg,10.14
64XxF62UDdBNjvxDSRe4NuqqbgW2eqeuNWJbkwez1h6H,DoJfXy43dRLi4opAt3WK2V6oafUoH7vHgrMTPXn3tZN5,10.07
EnA4rKs6trnUbuwijAQ4NF5F7YkZqHsaDXvWhEpoQSoK,DADEGorbGQc9sWFnf3nvS6yT3oUKq7CYT5UzKL3J1hJn,10.00
DDcjmpti1mv8wz9dViHDpHgy6z3kwhPA8qkAjFQfRzKN,74FKGvoJmwwC7NWLR1tKjneg1Ft8wQKJpkTn3eT9S3qw,10.00
DZGYY9tVVv5RsyfiYPGzYD6NgVPBj86qabkY1xb6Ca68,6GQ7rxbYR1skLxf713XvPsQZkfkzumZroFRSE6enLUxs,9.93
HkX1eux3gs3o2jfonGPBTbXmKWRVcPhPhpn8915kmWd1,22jVJ1rTTfgqr4LcrfYTwYPgfqXvMVXLmyVZ8NsyCw3y,9.90
7P6TAcoeYasUxeVjD5HenU5NWVFkpTAocYyWQNhJLvX,AHPDKkuCo5Vr9r1N2aiAhYXp7tMg2yJxSvCayfGpqDaN,9.46
FhyUstaic7NJAXHzWBP3S7viRMm8MVGxWy45Wj25Xt9p,HqF4BJw94cPueu6Lzyekf3ZrE2ucfVh1zEbukMYhycDy,9.31
4ZGxicKQVE5T9PcxHGy15hGkWFbxhZ59qbJ5F4ey5Cyz,DCDJ9T18JmoZYBxVsR6ZDAMsFF4ALRUerRZAQZkx1WE1,9.17
FdxXNm1kfeWezu7MjUmvSG37AyuXvUQeH6uEcpk43uBq,ADsnDN7ow8DVQmi8Qr138fbTMVeF7u2SfDKt3Q1WrgB,9.17
Do4sVGamqbMZeDKH2SnSEnofenoiW6XXStx4EYvcAXxj,5YUYdWYAfViQuGhTURW78vSf5u8gv6HKJuboj2Q6BHk3,9.17
CN3cJhJxCCgjDyck3zLWd16Si6SVYrJ126VFWtW4btZq,AgG3XunXyAX1xn38NVbaX34UbF7c82UyQcbYRm2NDnyW,9.13
2o96mvtcS66t6yeonFe6QR4sZjRovaGs76NUjugbbqW6,3NhUP1ysk2nkgn4bkrP1KWrKPCcj1iAyPoMDAYsc5NLr,9.12
BQJn5W6mkZvnd5f5iZSvhu8mnaXT4msSpuRoenzRU6Ai,Ht96Uq3P1Fr7tpqScJwHeEbe9duU8gRX9s3RVDXMUvSo,9.12
GeJ5WzVXWmcb6wT97z3rqyLN2L39j4qovuKmV6po1wRt,3Z2UPsrWwNNLZrTcg7SkYrhWYKGzx5BLn2a7sm1J4qRF,9.08
BCtduLHCaBCwknfh7bw7AutXykhXgXTyoMLMe3KWXzE9,6uy8eJUW1wS4JHozoRbDCy8Ey35qX9SEnS3kV3dk2vcn,9.02
B1LhKsrSHM4KzuH7mqQPTKRk6i1qRPsjECgGdkx5Ybie,BzXixtXRc9bpSD6ndyiegRXQDRki6DVTFkA7FssVshv6,8.91
AYMvSs5BReDLJ2wu25B3CuGhgNXKZK46zv6syMXTuboB,1WP1gtnLSN8J1jeLGmBS1i5uDdHte2pg2oxydtq57Bd,8.88
GFq6XChExePVe3V9RTpQwNn5iadXLX8Dk2shTAjLBKkW,CabqLcGQmzHWmb65Sh67B86feSTMwozhqe4fxrtBRaZy,8.48
2CFz8LiG7vUuK2m3k8QqMn2HnWTTy1nEWpCmTQ3zEGxw,D17KayoPNF7Jan1ug9QUWoYTpYKc8uiaRfXoa2jGsdf2,7.80
5yB45VQHQZ2qcPCgyfTaHc7CkVNYtt9cYcnNXNqPZ4tU,6rHkwgwtQKDqvJ8JF8DnTt69kDFzfvTDbG9HrP3Qnacf,7.66
CdumGTZ8fFf4pC6VyDkTHaK59E49VNUb844yvvaAEksd,7TToHsfy3reVkV5MyKCMQTRfjdAHVxJTXVVDNds8aKB7,7.45
8rtn73DVubtx7mXfbuHQqAqQSwcEHKE6K9zGKaYG5NGA,75gjbbD3EqxiUdvGC4NtqKguUrA3WfReJL6u2TKuSiPo,7.41
6npLgeMQKiod5LXxkxkd7E9hzpEJefyFF5zaXvemXhQu,CcRn2sNaUWRyMfujRsFWgnc8uEhu8nFxb2JQyLoTuYNa,7.41
83zvXJ1vDoQ1wFxNzSd6JsBBZQMdF52jcsLLUioE6F4S,76SWtQPDDcipvNNQCjJPgxZf4UQSFTmSujcyJ4igxAv,7.30
6CuNXcvFBMiTdnyQBhdZyt8pwFStLtSvD8fxat4bASdG,J8iUVsPC9VSrY8jDLPEShbmLm98gsk25wutUR65ZRpQ1,6.77
67rPRaAgCGHsfGpQstLAq2nBtEUgtgYuoZvYfXWGzLtw,7xuUYxdWG6736tGa1vNJWUXtiDpz9V5ZvRDDJTcz5XRj,6.68
7kjiDqofC5ySpYFzd7xzxBvxS9BYz8ZknrP7sQNqoP42,EgAbrzfsofZoakMAAr8AWkqvZfmsrkLBh8nHv7CPkqqu,6.67
2vHxpcGRgYiSqsEVgt1y4uhoCoYffMFJMLYQT4gQbTHJ,EpjsDpGi9bDA2UQnU5JXnTqbFTV55eyT6w53sq7VvhMx,6.50
FZQ3RjHKWJ2N3snvFnVq9MybD2Zt6wbDJZgv5R5Tvdo2,Gwmg6E6K91yZhHQ5XRPV46Z3yCd15EHUxwvjbduA9bHf,6.10
BjAaP4UQjwsZxmyNtyzJJfHoZwtcVWaMwFaZRGi4kgPw,DbmmPiG2B2Va6V7UHYDHJAUHMCrXyWm3dyQm7nmoiYPM,6.09
CyFwYWsz9dNRAYuAxN8CTWf33C8R9N1rvqiMczoqBog2,EPaHE7nVzzUYdcoryhCbVwTDE1WaMr4vc9EPkQPfUWaE,6.05
Btjfh7ziUsqcRYdH8DG2pE8STrtgjFrUnVmGmW1mHL9z,3X7znorzDyTGxnfh4x5uhHFFpssnXMa4x1vHPCCLeLum,5.94
536uvSMJ3irv6dondPMt3dLPjoDmPET46SzBV5XaFLWT,3SdmJyYRRuiCPyL8NR1j1RKuSE45tuBCSMihAhPVugNT,5.85
8JECo4Zv4E23ibR5xjqejp61DbwZsdNsfDwFp8sYVcHf,8q6i6vmNSDMcDuwWFXepDwds8HhjKyPKep2LKvxsePnU,5.17
DoG8r4o5GQxLsuPgoicXL2yGzWJk6NpeXKZbMLLEEmtJ,FSWSNgE6b1h4Ccb6tnJhWPxSGivgVxkqbV37gs6RytjW,4.87
AJZnEhMcjQhjehuZ2Acs4PVLG9KSJEGAiv7sTTaa5o7D,6kZecn3zGf8zjZGN8JzG7DUXpJrf25RssqvwxYVn1eAp,4.84
HzQKrQA2JeBPFP4SwD3P8XmnDnddn78WafqArJifTpNg,CZZ3pUhkFp7cR3FUqPvodWyS2YjCiczEsCSx87xH3Nmc,4.84
MFBBddn3AzxFuVa1fJj4YfoM77DCz7WB2ciaFaUjWR4,CycCkmqGQbqaAwM1unvwh5hxhK2XATToA4DE6jWms17T,4.79
ChveNWFXnQFz6AnHt7PDtCDRU6xuPydLBRFhkiVGE5QZ,53noHgPvGGYG8NY9WTLZdEeD8RmkCjzAD2B1wb9SpBp1,4.47
C2NjhaLN499iL5TNWyvEzVZVsku3Edf8LzYyaFZZEtjn,,4.25
8h84VoPcAA1Lwtxugj5eCitXaLthTHUjiN8tXfA8VLD1,3yNhrU9H3ykqozsPmze42NwhvjHxtYTCm126wqJoZU3q,4.24
DumdUqRitc9ncpbxoARzmVV2txFnwbgUzVz8ZGdJuY3J,HhiEr8SPXoYidUVnwLsjz8C6qXFfARhX518fLs1Mdu3s,4.11
A55iUHsszng8UtuZrT3YQumBj5ojGcrL1gsbzaBCqCtz,9tokHbm2JPVLjjAcmvwj117i5tLgnYHA6LCDYQyadoyE,3.58
2LYnpQ2YCoUU6KFsxoCZ2dCKoSirVAX9b2D2heZfGY3v,3xhp7QEg9MkmeW6Zo2Rg324k9hBZpphhr84QgnJ5Kmid,3.50
JApdYTZyCBcpYa2ZVAD4wQMt2n2Y6Qjo5shueEwAWDHJ,5iioFhXyKf2zxty3WK2idPoqqZDNse6qyva8HimECUK8,3.42
3KtZzmNccKPzu5TQuEWJvQL54xW8fwcriaFyHVDSihN7,AbuvUDB4QPh3B2HKAZwapVyqMsJ3Equ8JsmiQSkLZBck,3.26
Hhe5UoiGTv8pK6xUqqwUmvEryPWWEThFHS9WJFbhu2FU,37nK1Ts1FRQxybWZKFvKeRFcAPRfqJxbN17b2Mm4zMPG,3.00
EDbeFgQomGYKnihsTT58s8MfjJzQUoaExb8u8ipnGnk1,3rwi9kZUbZNoTJ9PQutuGbmMNYK3BWtWGg8pjN94gdaE,2.44
5i2VDrEHS59o9xc77FfJHUcG6PFpxHk9zKm4bVRUVt21,4KnEqPGQmCHFSSQ4SXtFZRtgwLL8G54nVzwADMbTeYsQ,2.44
AGc3FpoUo5JfTUtxYw7hf67WZC9VucigR6K4pjF9Cohs,44dmEWVYGq3XEwAhdm9DPMC7HV4qrPdSRQaHPFUqH7bX,2.35
8bNFzCQy18Znptp8Rgk2itvs2KyHaTmG9zSjG1fLXeNv,4xbTy3o1RGUoi6mUeHZkEPwGMBm3CnZrDdJVSFtM4d9e,2.05
FiWpns5NEhBrEHKmQ6RQk32U55FQhg7WZdXL2ajzNPaP,5wryGU6p1BY22rHj3ba9TeMeoQjAgNuA5NTUXDVfu7n9,2.02
88YwVL4THQmMmG7zxBUZjmjaEYjjVfcL8APmZh3mGmDY,6RH73MbhvqF534HZgWTghtnJbRcdYmUHNEKn2wtFZdHZ,2.00
zi52UV4Fv8pXyz5bYHC3zky3RewUwLwmBm96wCdxzmv,Cj2gQcCDLCSVDmtbBbeXqxNJh3RV4opJRT6S7Ys2rAqd,1.98
5H9ijD4YmhPij4Ba5wVvgzpqKwjiaRJ35hgMjHw3dq7r,72XNokp6WvhZayyANv51Kw1g12EjhWbD5pB7mGnGsEAB,1.97
HW3LDfnRkeE289NP4avesFT75JZ5QaGTFYTWtDkyBfEi,7tkwenNdURdPHwgg6sSkKizVhjjmC7ZYHrYYyRGxP8YC,1.95
AtHaTyc7mLPXmraw5yV4st71bqfCBciouxaHJ1VMe9We,6a5W6mZoDjMCrYAgZLYs3Hh3HE5bifhY8S4Zj9j8ipna,1.86
U59XtB3ZNjxe9QTrHUsJMZXwz2MRMB5qpd5tt9aB7rb,7hrVYrLN3HyNPbVESNuCy7pt9jLM9Nx5QUuAfXFuk7Aq,1.80
4MSydvWhYEpnQoQbaGYGyEvRR1EP5MyrnYtCwuSVsbqp,zhaooiveBuw14vVDRn7mVRGhS3WvpfaLg6wT8K9w8Wi,1.66
HhrJrfFs7NmURL3LdNvGefJjjKRRZ9kA1mqnX696ePJr,61GypPrWECmSiN2MtMHRpRi8A5GJMBS5gTHp7Urthqkj,1.64
EgoPgSPTB3MBtCzS9AnEjWHSmjKSCKS5EAS6o3mB7bJS,9wkEzW8CnWAbAhu5SEFsdq1Zu4MFqNwaeRqzcfbLwkn3,1.50
BYbpPJjFiY7t7zttGU6M8Ezt9GnrgUiFr4YbhrqVeNWa,7kQU1EdHpyVjAbimG2Zfjv7ksxuysSuhahK4QawhBbtf,1.50
BsbNvm5fGB4yXhFfSqsqT8yrWdAHUdVw5D7JGBnpA6Aa,3BTCBEDnRCknu8gRDmn6Jh1Dj9Q592E6ThKu56my39vT,1.48
4wwRt7VQ5sTF7htMPoDrbxDt9tvypuQJfSA88LD626pK,6ftHdBdcSZkCKw3Gww1GM9SMUq4Pc6BaFUDeZ3Ha4sWQ,1.41
Gnuu3DMofLfr5AFJYcPLGh5zw8YzXrax45p3idHKuVRz,EzsXPVaFaBR15mrs4Ry4XmMeEwkzsLvBoVpzvSaxmEKB,1.40
2sQqsspjTkZ7mb5vK6htsLAHRe5qgLKeAEP7znGETFw9,7U7skWnHQq7dmV7om3m5ZEAtwqq5y9pMSmK48iHAsmkS,1.35
9hMJzDsPgBxtfriprTKvA3szDYXRB6GC2HT9G1NeqLpW,2eCdJCiXRLiQ1T3scxFGAaystZ9EBxrvoAqm2LhZ4MD6,1.23
xSxxStDv2s2KzXxL1ferP4A7zfZVfjrErdntYQzU8zb,CtjuMUN9H2LHgasTVJNbJz5GrSotYWh4hehWfNgYSMva,1.19
4QhMJPRMdVNfHEBpMqh24cAviy7jWExwwukDwj5VKBgw,GUs1qpXXGBDTadQxGVBw1oA5sr4Z2GD6Z25ExKuw2heX,1.12
FyhWVB1dgb5vjxGuXp8edEYqHwP99Z3uk4CszNriwFv3,49hEncv8NRsfQqpZDBeGdqcSdKTH5fdyVux8G5XwrStj,1.10
4Z6jju4vrjDzqTA1Q4gLbAnr6qWqqNkpLVdPhgJu3oZM,APBHFD5a2WF6fs4DE7y9bEp8NhB3d2P6GbVSDYQJ7Pt8,1.07
mnBQXePmAoudaZh9ionTZ85JtkrqfCkW6VPNBSxPg5p,4BHydPKft6s7nYozhJ63rVrkQ22QywsrBQf2BAuW6mDS,1.00
9ijEdpp3Sjx5hbwwacWWsCyYtkfttES2TFYjQAofBpwa,AwdsuqC6yzjFoTRPYEeaFG2gMvWSNM3cAnvBMJaebGYj,1.00
32Czs6Xj3PDabnbKkb1ujn8RHgaBc3ubvgRi53KfSoa4,2LLtWnuw7b8XxQNzA6hodwyKPBnq87H13yRLs38w7W6C,1.00
FcUZDU5N2dAWF89keF51y7Ns1NEiWdyTvcaZpSbmYVsj,8yD1Pcr8X2tFkRaYTmgDudhU4zsqkL6dJKdwUsdMMaNs,1.00
FQUx76tVoH7ty8bAZu4XAuQ9f4fiLrUyhWBVet2ut1KY,CgcfUxNjLxGoQBiahBAnMgD6H5fEbcCkEQ1iy6mqrM3h,1.00
Gqjfb13vgxSUf7F1gnLmp5hurtqVvwFMZ5uT528d2iqH,CFUJvpdm98qfod8HU18uhUdqhYQee2phGELFoysgVhCt,1.00
8rpWHVZXRPvEDUUBxFtXKqdyFRXE7vTZKpWgsYsiv8UB,pcov63Adpcob16T13DwsP5dFFuaCDME2fpMMYVTHtWw,1.00
5dX5cAfYNiKaFxppWrXZFAnbiMeJ77rcNWr7YhP7cHqT,BzEcxmmuzbbgCMXFprDPSEYtK1Pf8ky7Jp48kVLbUv8Q,1.00
AvNxsZQRKQi9jQQDbiuGpYfToKGd3uPXuchb87WUqz7q,FUnz7Bq2AvGiT6VTrGbESq6syYMWBkmPSd8KjiLJkoVj,0.95
4Njx7vKMV7zBRPMSEocxNa35SF3e74S3NF9s8uaNpfyd,9vVPMLpMXRQSPCVY7Wj6AuKHYS49tcZtCuUykSEwpxCp,0.91
FJQDr9o6HA9Cr1Upj5DCbEdKyv7STMDxWbTpVJ1GLACv,C9vXnbr5oFDP9rg3EiTFNDHBA1Kq4hUvemwVkGuKkxu9,0.90
DgfQTknx7QksupwXXmFbxKSGhCoeTZoHAGzDtr8XugwC,2pSNxuLXB1B4GF8kG93WMx4HMTHxU5Nttqm51Ctrq5E4,0.90
2R9ngKuZUsMvT8wgbf3NiFABRykewPXP5BuA44QMBAVT,2DtTwRJWQwoxmtPwcjNcbLGBNAFbAv7vz7cUTQpcs3tN,0.89
Ghn5W7pMueUBRptTLuL2tX5sG41n68tuDmD5LyGwHHgf,5Po9ryUfsC3YtZYEzTqJrgsVqdPWxoVUyHhEe9uDuiev,0.88
8u1sJbUwVPrUwok37MbfJGMEMDAUrC4JBTaoAFFG3peB,2KT76WSTo1qytLHytUvNjC1euoCm67HwBu1HfWH8i7kF,0.86
4Q58DpZuVcVWUg8FQvDojqXmii5XXFnkAYbfVApubZ8o,APicgyeVyqVjUjyfx2MCefeZYRVeVf1uFqmsc9BkDWox,0.79
B1Bfj8w5kHf37vSrxaCZxABE212nHMAzYzkQTaSSC7Pu,3Att9XGJmCfGckQARAc9Pin74FUyp3X6h7pRdnVyUw1k,0.77
73vqqpJSUbwKuV15qBvbePHP3KVkSEzPe6MVrSYM647v,3W5YmKDKGAVLa2jAZyhQaVsECX34C7X1ToLgHzJtXSBw,0.72
JCd5yTsG8p8oKxhr5NEdhvuQbKp8DaGzYhgPRsVpzVw8,GJfi42ueAe6JESv7VuP8V5HfBAXJpX1YbVrauWvSJkYK,0.69
6tN8wuWmv4PgcbNePRx4N3AtzHFmbKduzWqGbkTpEP4A,swAp1b85moy6zKycCbN9gfj8pEkMa29nWpCaN9Shs3n,0.66
F544GTuC3BnyKYFym6Zak7YdWMySn11ZYvXhKdR4ntLq,CWsA6GEacEyhSasfdT3LCMxH5E7dWDYHU955aejCSnBf,0.62
CP8QSUSwjckt9QnjWSUdnhwBZXKgfU61XoTJm5F6rdVm,Dz5nVPsrbYHgpMXGtwopJPHkB3YLJ1jgqmUQ38bAgQsq,0.60
A8Lh9xztLu74YwmUVdhc6cwcnPZc6awUkE46dPcXSNWM,7mLiddhsAnkhRFo9MtgnEJADep5HARgZL5smSG6fxcFd,0.55
7wc8y2APzfYWQxwrY67Ax9DGg628PDMZvdCFLyNcsDbQ,HWFyTsN6nh2QPNUWAoj3im22e4E146LRDWFeBLhSKQeu,0.55
6ToX7DZ7gCj1zPJQb2nJiXCqDiU2SjiehWkuYqwiREkg,3jSoCF2koR1J3VWpxRa6cAN5PLNz3KbT7F37qQo4q9i7,0.54
8QfbAnPgrArAxiTUbiRUZJnYUzzNzFzpMCBbEnAXPA7C,GoGVzncCdc5qsA9SpqHBpZgixb6BBDFCPsT89UTGGUS3,0.53
GF9hfkt8kPfGFJfEM6YtuYQXfJkAo4fpZr2sXEdU1Sf1,3EHn1J7PTXu7NCfzhsEwVU2QmzjTCJRtKEHCzq5zoAdQ,0.50
2EinVkv9i9VsBSGjhiEYdKoB7BND2hJySqrjATM9jZsp,CHJ3rWFN5f7bU9NdUtVrVNxGgqr6y2v97UkLUyBbob3x,0.40
9WpUT9va242vQbvy4zi1WriErQ2bMHPJDJy8ci4KMvXZ,4CiRyVbk4Nf4U95ecNpyjx8x9QQd73hzXSPUemqj9vRF,0.34
5VMSsMtdEQgzPEusfXCJNozPMwFHnTBYoDD199eT1jaa,AP17kgRP1Sv4X5jftwbcnSwjB2t4xvG91GQZCwfheoHP,0.32
9nJkLsgsmSaYNAeqgXzskcPvf7K5VTgQRkEJWsSqJsig,Dt8TKKzy1E6MARzhejf4PuP4urQBgi1pS3sVw4iSSqrr,0.31
FxnJvQg8gJHMS9o6Y9A8ajXh4v2uTV1sdUHWS3RJG1uR,6hyuGqKQyhAEipjtaquiNHfd1dVjrNT3FzzanXurbK4W,0.31
DvmedoS53JvTKXNCT5TyCeCsD7iw2TRTnWUn7tdGwUik,DyDdJM9KVsvosfXbcHDp4pRpmbMHkRq3pcarBykPy4ir,0.30
Cj8T4DvqJ9FieQm8Q4xx1DMuDdVQijmYNGKo2hioHi6G,5fmukHYLvUPwE2q9ndJdMwUcKqW17Le7JDawKt7fYABH,0.25
4mEh3fu9qaPDaBAb6ccrLLz9RNFD6gdUFN3RNUx6XF4H,2GGQEUXqc7dj3HYBXsPCy7kGEoXyXx6k9U8ooDxJtRnn,0.23
AX6S2BFgnn9r3bd7YPm8FP2KUrZ87y1MUrB5Wg8uks5Y,3LoqWSBGfUzPwPzUvyz1gKTS4FnQbqh71S6MzgC1NrAN,0.21
3CwiLg5RGvhJF3stYTbeEVAgRqrMemZPvLN1wtmbXM1z,CNHAHgZUrC7xDtiLq6hpjLwdgGiYqZAVyQLdVD2WigjH,0.21
7BCKTsBVrG1mFLuMUPN2228HTGMS1wYj5zsCTrcekQHb,H3HDmAsZV7wbVRZtnyZkynCJTjAYpj6fX6uzPg9CTS4G,0.21
6qRVGxAyAkByarbJcj3Xcys8rLqMpnT1P9WYZfAz9efG,DzuuKXSTfyT9W3VJQfPjUHVQ7m272trVuvphybz5P8Bh,0.20
2T9NsUfPFRTfVsediDMbiDFgpXKP64a9rMj4j7GcYi6n,Ab7uZRHpyC3LV82T1toYaDWqsAYZbFzFHz7Q9mNZ6EqN,0.20
5nTDkDNXPQno9kAAPb5a7GueCYJueYRsWSHhSmBuNdV,Dtyt1aVZCcJa1xmV91NjJwygE3YVe9aM8eQUKGwY6abv,0.15
9pvhyzm4GJqY6BBYag9U5Jt8qV427GZ1HN5jYbnhn3p2,EVY3XxrnH5iJLie4X1kDv1SPiuctRnf32AXWtf9LG9EY,0.15
2UbK1pbTVwnnhoBipQxwzXHPqKY5yxnVWvgkMkyR94Xf,GKBGQF4XcKMDoG1qeGt9r5UvSxpvmzTGZ2RdDqhvzK9k,0.13
3P1WbiCnufVfwNXs1HfDzhF3KsTzyT8fvtJVqKQTQjGz,FmPkASPzybdLZBsdrqTmT8k7v5BpXWERE9Hhazv1hktX,0.13
7dWMs7HoCHbgEz425ccPM2ZWQrrWAaX11KTLjrmPhmEd,EStrer3PEDMB3xqNeNXeZNRcgJgfWFJU9thnFaQiywFi,0.11
7XHaXMe4hgxZwFx4KfiecPfZoerYJ6PZxEwcpNKsBz6g,HYMCZEMgSCEsjxpB9K3rUJXKT4Sm3CuL5HXBvWXG2irE,0.10
8AmNdgvimWNkQJwPkFytnpR1AWUnyfysavALGgdtdyFn,CNVJJzanft2PbNxyAeBqHY5QsWpxusSvd4bZrfZYGmDf,0.10
7KGCPJupbSGx7zhDUqaSbqxtgYbPHytbo1GcNreSDaTY,ARFrdArTtVYMR5QnGBELTPw8Ym3mfcjrGnhJfkRrfwhz,0.10
3KgeitQjafpUzGHTaoQirN9JouwgmxneCA9nWKPwTfBK,8oBMCEyoJUpbTUMxwQdGUdajGVA31kjg6RdJdBnjcZEf,0.10
GS9qkbZZ4xCTT16VrrRAxBAjMpZXbiMQ6yyYwfXwjFdt,AHfVB29qvhANVyGz5eFpMdLZLZ73Pr7VWCk6uGVwJEVB,0.10
9XziGFzqRngtSg3jNCgVVUYdzfxmh6maHutHKD5F51jm,Gn35xm6fr3ByUJt9aC6ZSzSqzb15AyryhKQmZVoP56Z1,0.09
Hd9rdHQofFMQint3Fgog1MTmJj2nqU5q65gjiU1VvTCm,BfSJZqLVUAU4xbeWSRsAfTB2pYohGFYGcpJTcBNqYr1z,0.08
FEmVWjxvBZ8FPi6kgfpb2uNkP2dDXuEWGX523ARw32hp,E5hjJjpghmUekrXEQUHd2qpHWyP2SHgvvQVU9beP1dpv,0.08
FzLNWTJtBoY3U6w9zqahEHQz9kiddrG766M6qKUh9sfe,4ztxqVKZv247KCFFBuv3uNLze8KHei3J9ZpBAqVZqBtB,0.07
DWzADh2BzR4curYFCj75EA1DzZp5gCi1HvLBSVA6Dov6,4NYSKxRjdxgMg3v319bXbVVgUCDLSgaTFPvVf9wRDPQA,0.07
EskZVzm1oGHADMvoZ2r7P1xkhsggXjqm27DQeZixae5m,HP8iPdLkAeXHPWC3YrsedFnGv6pPt4zYjGYZuRX8s6kA,0.06
8rK5kkxNdgFoHxGmmU8CT9fNjKz3WKXWhEkcH9Z8ZgJC,EFtvVdhGYobBWux75PRsyaQRJYsMtdHF2SH9PuSUGYdy,0.06
B2aSASpgoyRurfZmVBCsFRxoHqFnGTg1v9RFDVro8K8W,T63k3Cd4hHQBoXLAS8uhc5HHSr89QJDZ2CdTsYzQG1V,0.05
HHiXpCXBE4DT7Beb7nj1A8JCMfCgyAWEq5XDrxzQSA3n,F6BNSZZnJVpTySF6D6RupECJ3pyVFFo14woA7eGV5EuQ,0.04
8HC7KtFcndKDkLCkqSY1hJAHYAVPSuX3CSuk3YnmchwF,CEATLeQNaLMHwCNzhgUhtA9hyfbmfZGAiaHw6vujAKYx,0.04
GCPfmUsLpHya7daPrTGqPdvmNhfzADEAbYxT9C259hQ9,A1gxfKRyBEzDH446SXXMYxa96os6EtQkZmXjDS1Div8e,0.04
B2YSadgHpxSA2qkgQeNuLjcAmyFBSc5ocEAp9R8MDumw,AQBb5AfVGgqQR4kAJxX1pVcjazZcAA5NeChji5aJkMX9,0.04
3CTBgaZJfCgupufUeP3WHBn9KuAeRKEB4rYzjmMvH3KG,CLazQV1BhSrxfgRHko4sC8GYBU3DoHcX4xxRZd12Kohr,0.04
EWzvUJtvvd7uztwZpxokro4Yh4Vs4DDLHtArmSouUrNz,DV9o7aRiqaPYQsFm25dmnMzQ7hnAj6goJ9wbGMf3rqfi,0.03
A1XnmYsRKBGsWMyMMEA2Dcwm68JhcP1VdZzNUSPq1cgU,8BZmjxZCnEKgMe52upBt6aftBgYFn8RpxVTTZUojZvnY,0.03
4qJqcqWYMneBTTCpFCXExXKtohvrYUsJAVmo9WaCUf1V,3sRQF6psA95W4L75kjG5uS6dTKkJbSQr3sBMS8pPje8o,0.03
HBtqh9pJ6VjtDVWcLLbxw1rJGfPBQJp7M4kYybmdGNMU,E4om2f61ZpMbipf9GGDwHj3ykTcnnahFRc7h4y5eoAio,0.03
AzkqfKQuTUxME3A49R8k2iuiUy1CAdAN2JNRTMgUfSTD,Gv7oiSP2784zpapUDEgsXUmMW8Z62q465FVAeS4DVifE,0.03
GExBK8r3y6P4SaXQN8WgneZTvsBaCqLwN4pynkLs9Ngw,58qXQDWLtH4Tb4ocA2Hz1pAJTpV2EangZUtKmvrLNjrP,0.03
4fEzPi8ciwM2AQCy1HSQzsquJYycJwU9NH7GNRgw7zE6,HokWbBXsPTLqE4e6r2YJ1StZjAiM9DFT6PMdMaeK3oZT,0.03
9r7gQzBd9ivkqcHd3StEuiegy4PEyuybgSdNVimjgfpA,9SJJhaUB383prMxpEhX2Gmu1HBLpxjqLqUKv7rHyXMrN,0.03
4AstRFp2bkv5DeMosuUn3cJaA9d99dqofrX4sn52PYMK,zooQZqBCK5bP4mVWT5cvb2mXAt6j5PqQDhg3pv55sTM,0.03
BSAEAGnTHExKpQRV7NnDkYCQ4Q27hSHPpdQe9RACUDwk,Ea8GCsTanjGDJKWxWVpxvhovyyCxAGTqyZK1QqhiMxop,0.03
8MnTgzauFoxH3vxHEkcAmd4ZSoFce7VCAb1kPQxNr86L,FSiwchCMx6jNYzDcvG7Sf4iubjVkb4JukDnBmsN9CCWj,0.02
CdzTMffZXVJFMCYBFQiZNUqJoUaiDGC8Syz68UqHoDUG,GLjnSVMSChvBtpo9QTucDP1hgnneiiufQSeaa4Jkznmg,0.02
5W1fYMWS4A16ZGp6T3i8eV76m6zhJWzxKU3AuAF63RLV,8u5CfjLS5zYet5GUUK9mwfH5cV9FsT3SdjPBzVKfqv8z,0.02
6evjQQTjKy7QdsR8ufXXP7gWvQxoKHuQvyRcvwyenKHD,AXbWErFD6be4GAGkESjzZkzapJPbJ5ivHBDusHQtDZ7H,0.01
C31G33Uij8NfGCUFQZu4ihFTnEjhYdyaG4LQ3yLfXeof,4iedt8HV5he9NYF1ZmcVNtFUikLRupGTiKVYP2VwNik2,0.01
6CBwP1WLKTLVmenP3NV7NWDCNDhym96hXUVj3k43ce53,7N58PqLRJriuRQjYVJDQtkBESgbVCFMtuTq3qs9bHkTY,0.01
AdrTxFkWkUh7rgbwZJbAGXeSqqF9qqV9mMFau3oRc6Vn,jibUVrN4ZJEraX8Linc7o4Gmi8pYnroWEC6AP8gaxot,0.01
HQrLJHGaws4UKDVC37fh6EvZFrH1b2mqHgLWb7rF5QrK,EbARqg34BS7axfe11AkTDHfSUkFyv8u1uZap5YYcYLrU,0.01
H9HEvPjPuqSxF8ejJ5hzxAuVqDuyojWNSRuP59mDvH8x,6AivGTRk9aZq1cLWEQFFD3qsAm6h48Ym2hnLbNJM9amA,0.01
5RaKm1xcDqbf2LYTkTFJb8dmMnRdy1qwfAp5sQW8bUBx,ELHi8TBF2V4TSmpGJB9GSSov3XPyuCJqmwoCNmxvvbNS,0.01
5V3fX7yMqspxAazd56JuKAHRqojLWCsrVhPfucfUf11f,BoWS48ecgVbESjGGhBS5iczi9Yw7ru8z5tjUBUtAFDAW,0.01
EFTUv819dxa3L3pSqqaAYG7yC5rFjh2VXJ8krUiywqAF,J4YteSBQkX4EjZX7jMced7iBdbpXQhp9EMzai9cnSzex,0.01
4xSDwiUNZC95QRt8E33MWF5UntuZ7mJyZxoPx5U8Jonc,7sAAjs2wyiUvr8x2ofnTixzkE2jiuHmGfevW86s5VYb5,0.01
GnpqfuXXB2rGZuqEdjqozwczRcwYPgB13Ai5fWwXjyRv,B7Wy2gHfPrSa35euVAu2Lh3UFaQyaStYJdQoq3qH8EhA,0.00
Hpgs9oQoDBZ86rgEd87N2B3qqqGwcGS8RDexbzD2ptQe,JA6hRexXi9UjWpBqopis25A6SLnkWqPJ61mPm3UqTcB5,0.00
8VjwnooqaKvwg6gBcW8Q1Cq5TygRwgprwHvfiWPqizDn,CP1HhGWsBU8YD6fB3XQ1HgQhzC1iGWEXd6D8h9pK6JwM,0.00
3sc7T2rFHAx2dZbBn9n2T8ip3kZqm6QUBPB627J5wBHo,A1VZh8cFH7RKKAm4F4q6YjaCJDdZEA483mGwdjMMgirL,0.00
FEhvoTgRiGh3MiTyuNjJ8WDYDVaj3stww3oNRZuM2ypA,CtC4uRYAtVZSM9JkZJx9F3akUjCBQLa9G8qAGYMhGY9c,0.00
7R7AHHZPTEwJgi1Nz9NUFQq1ZwhEPxcRk9meP7P12f91,Cn2pLrTj9mtA8cVsz91eC6JsDEUkxgZcQSDYccSTnoUe,0.00
C8a8NmztaEC9oPBsLydCRFAoNmiof8Xmp3MXsXHPydFb,5thKdAuiq5rG7VHYG9aDcRXsQEJJoaJAZhZC9PZ21c2Y,0.00
AXvBsCszTsLRMCxBv89jCzfHyEdiVfdeZVmCoKjnYnEu,FzqvEgijQGet3pnr6FU7HBecBHgssSKHJ3RJ3V1igD6,0.00
515xWe4TVgFPx9quFL44qnVSjGxNFfsfMQY1YMPD8bNm,GJxWQMfkUQ5hEL7mWjoZ6LEqUkQnbE3dYJtNXhMUcV3x,0.00
F2ESAC3kRik75CmL5Jo6NfJXMZKGTazdvNKcpS2objkC,EGHaHv81GJXQditEQ3qkkX7RtUuR5fipgPYUuRzEzJ2w,0.00
EWV8ZLtpFVzJxvzUeuEWqrvc5M9EVMngj4wuNyfF9gyq,99ZLqhu5FipgLVeZ7nR2seDdy5VdTd8n4UgHS3vMSg9D,0.00
F3JitbtZjy6Q1VdWgTnprtyvb5vhhzXpUiwhMdtJWjJ8,GZrDWUG2rAvUN7mSeAvJZWESt9qZYfNE3sSHj1ZsYnAM,0.00
5JsNdPKAineG5qwLrgnjvMSspM81YqruxfkUALY3sNJd,8JJEwYKeSHDk9LFykc2U8df2VfrmWpGm61k6ebBTiGCL,0.00
DEGNDDWWVH2rbjgEHgpV3HpbNrUkiA7oQV6ZNJng9xyq,EwFFVPG8yYhs3NrkSCg8qU74HjFgkHCzBWnPXicGGAZy,0.00
AkW4hicDKyvLFbHSa3RsScaN8VVPMLFy1euGP4rr6uEh,DGybroSA4sp9u9ARUo5vzCxYj2sNqVkaSks8yZTziaoF,0.00
4n3RPFpYAeHACQJSSjshJ18qZeGHJUECAMQZuFYYUGdB,5UrM9csUEDBeBqMZTuuZyHRNhbRW4vQ1MgKJDrKU1U2v,0.00
G4tMthgY89nkUAAUZe3v8VEWFi8b6zShzvGHUyv3Jdgz,8tt14aoREWXaCz8Fr8j1ZRF6mdDzB1dmuzBtuLDWSG6W,0.00
8LJyD43MCsqSMK4nSFPhZK2aTkbRn6k2X1EmAMdvpqV6,2B9es6nohgwPxCDmG11YfZ16e9uDrZLqny6HEcXLm9Fq,0.00
FEVKSJdbBFLkTXCxMLyNmyEwok5j4R9DrY5zsnHxebWV,DQF6zYAxMuKTBryDae4g7uLkKCoog5EtF3WAsrBhLGia,0.00
8qGxcUZKsV9Ugu5DKJ4tousj1rNouvLgHVn4BNdKgwGh,3avjd8Ba9xMgXLQ2RhHS7AcuuVrjespvBTqAV4vmZSYD,0.00
CfieTN49TAnuqDGN6iEH8XbMiC1oQgiwnkQi2vZfVYWF,2t1hnjMfEeEi1YFQzvdcV13zz8pNHZFwxUo5HVn6Mv89,0.00
BDf8pojr6R1ugJrGKnzCEEEsg9QshFoPi9FHTio3qQur,CUQ3XzA4i8LtVpkMFtoLxcJKddCTvBS7kTXGLXkQdC9U,0.00
8rEnktM6upvBBJGwePcBmsSuorGBxANfbURN1j6awRba,9Ew5r7iZAJTDztyFwUZ4R6uiM7CCoqBhJ9KQQJotwsgh,0.00
HPtUzirDXF6pWYWbuYYCrmpnUoD5NgHogRCMF4RXPQmd,9LdZzh3tBZTWdMzJcHuiXg6EqNtLpFVm8TzLGEjaeS4X,0.00
EGECcXMK5bf5iULkvSQavb38wi4t6Mipb4DxyDCQZwF6,5qUG6oiyu8JvqVpuoK4cnYTKPTPRzaJeENjcoyiaLvpz,0.00
8MQLGJbmvN8xm93nXRCfq3g6Hi1ovW311AhFxtqy4Hsv,73UtqwtxYYSjkmzAoM9T3cvtb1SJcQ28hvAkBtgVTNVD,0.00
7gM5QvsJvWNpYTSBCgMNnQfS4W3fDCmc7sZbBrd2X2FS,J9JDoY6u6SWQDHbndWTJymYkeidWXoX5vZKaiNr7SEnQ,0.00
GsC81FYsqyisQLuTE2M3p2DWwGhtpCeruEo7dkTXzgBA,7qcupGKGUfq7bRJJo8YqtSHoQSqpsEr6aDp8wngDgHa5,0.00
G5kVhr2q83o8S9ssGiMRrADC2vQ1tXFv5CiGHSjCRRVb,AUrTWv3Q13WFNu2MjYvRZSB7G1TeFKjqYVXtSk5Tpss1,0.00
HWZfyA8mfh1FkSYF2rfDEJ84TqZD7cKx1LNfNBY1KXro,FRxT3xmeAY7sYQNrrb4myqAi1omueboczgzbbiNJuiVZ,0.00
9Q3gUvZfFsEqzKqjtDV3ZLK4issQ6MjAkqsTQN666pbQ,gnub7szRCikwyWghvaB4PngiVURhkQBACfR2nFwNmba,0.00
HDJzHi4dCh5cCn4GstuVAnbuZYcUzHSmc4RHrbez5xci,4yYtRGoWUcMgxnjhsRFccdX5pUG3gzjcGKgrHoh76KtJ,0.00
nRgqs2GyTPVM1mSFqHd5TEAxosmhBogtGkYGuMdNbM2,9ANfyjRTgXSZUBgTyMhP8f4v8qdfMwdwnADTV59pdGfw,0.00
BYF5oMo2UdcAtUXgmDyHxMxMMvA7k8Lx5i1cnGh1aLJh,73ou9qjibin5hwB76hrjakoVsC6Jx6Q55NQaPv9cPDdx,0.00
4W5XADzMLtAmoTF7VvFEah3VaR33vZWepLxbpKWAFQnW,5g9P9YJNPxRMTZtWTPyRkUmdvaVae4MVjhr1ZHmHYbRH,0.00
DWXeVVbN1Ewozo3kQUiq3STmQPBGnUo1GHuLZ21BpnvZ,FBUKfg7Thx4WDM4ATehJe1xWzuGtMk1myXhRSvuSq19h,0.00
6jkFda9YPk3GQoQvEQpt92GRsHe5WDPhKDQEdmP6By7P,7xPyJRbfTdUmgDME76zBVDcFWG581hVJ5iCM13qtJv9Y,0.00
5LjqNZh8jKCuUgMsaSg3RcRBFg7wv9RBgiFEFhpC5yBg,Ht91ZYLyypZsP6oRArTWHTKBXiVi9AbH1JTbZ5zmbmc8,0.00
AN6xPqULdiqC2etqPkhDoCtMF58m6c77D9NG8LqNATwZ,31Po3yWXyW5CTUaTcJqmCk9jyKagnVxG9FvTWNB9h6WM,0.00
3mYoPa3BaBj7aamYDqbyDCXo7vHAmEPCevUxUBFttvdW,2Pv5mjmKYAtXNpr3mcsXf7HjtS3fieJeFoWPATVT5rWa,0.00
FfYtBeQFJV7SqH44shxzDUAaDMQCfTcebUifW9tggiJt,9zRfvLYGr6Mh8TdtXv3cHC5V6yczLqMNBa6aWTQ8ds3o,0.00
HRuCKMwrysL8rEf8vRyv88ADQy7Njs3DG848VX5o3hxV,C3XpALUWoejb4kN1hnnV8L6CFX4AubFA4i2sbwAXq1as,0.00
BXALF6eR9zHBK5kuTxGjJxqCpqg8WjdXhBqXWHjzqnhZ,7oWUEPm2hhHYJzTtrU519Wf347VWGhGx9BwCR6Nex2Vt,0.00
7U3sZgpyrsquCoiM5Hx9G4oVuu8HD8YV2gZFJc86o2n8,8ejHbGVaiJ478AgfG4MNNrDrKD8LbwXTXhdSzBX7Mjwi,0.00
2s22YCiLTdxqzKDc5zJWXvxrKs6qkZiid842rXrTwwxR,CTMoTcaRvJVM19VZYfGrDFzgqYxqpBKFVTLop6uvUxZa,0.00
Hhatj7iYAGgKp1qai5V54vRhuMtXZiodKhAh2EnET6pD,Hay5p1LmWcdPxhEdQfeQB2Vw4E1aYMNCnvo6KU28ZRiw,0.00
Cf1ycLBoQBJaJmw1o1dGgcWYiH3P9KQAV8cSwNLx5LpX,8ytRpwWsEF9xj7x4XDWDXoj9Cwd2Sue7HG9xYNyzJuxs,0.00
5pPpw6f9Q5SFURCRfweTpjcqTovgiDGyfHWWcnvToWNx,JABNEStKk3Y3oRNk2uog3QQXXZZVTMkCNAtR8VNHgVrs,0.00
4UfLvKfumAckQu6XS58K3xt9okGWG4agziYdkc567ghG,8P1FTsz2WZnKBVKpaRgtXn2YCdW2vueZJPfNSCLQMReS,0.00
3J3DrTtTgbaJqcKLFUqY69DSiZA5qpdK1TaKc99GH2DQ,6RwXxzXT8YNsZFd6tQKDKDF8Hpx2dpGvgiruQ2WKyzjy,0.00
2C35LDswRnEv34zWrhWDCWnyjTwKdR7czRTNTeWfWuVz,2q3dLxCUs5QTGTTNaoC4oPStjZZS86KCvt9WYEJvGemE,0.00
Gc64zqvaf7JQpxykpsb35rYa3XRZmidgDsBMbeqLSU18,J3xKkSUowia5q483zwQmijSfnVocGsWg6duFzQYHL9Nn,0.00
5jNfv29S1KtjmXz6pzM9wBpg5m8eAsPE5MWmgC2BhTYu,C7bDQ1wrmh45xQMo7mZMVuS4Yo5kxNt23GfyC3VFUbkY,0.00
CdYsffAZanNhmva6fhsUWTHrj2JaGSyyAUiCMfWTQjH8,6q9jmRMzwEYhSxYcLt4yNArJkxnG8yyFVGW4SUp7koEv,0.00
9VoC7QYYrrWDHzLwTw5B4AbQ1PUPTa8xghjM7FDrejBb,EDMGEpKKGKS7nxpu1gjLmuHHWAmvLNy3BZWDxNC3nhAt,0.00
EgoJZiwCyBijM4FGXt5YPDUeAJxU2GeMhNjzeKQYmZfc,HRw5qRfgxSgs1hSNPNZcMRw1w1FsSQeWbyWUH1ohghh,0.00
4wVCjbsdQMS5FRthUQZefnz85YbkWStU7g1aKvn2jmdy,3heTLmaYyWpQhvfYztMWBhzB9wqRqVgZofYtdw8778gf,0.00
EW5MeX9mjMBZPnHQog9dXniEUnWnzBUWXvoLZNuAfnRT,EmZX4GnJRYco1QeM3bpdPv8arCeCnkd5PS1fdq5hi5Kj,0.00
GVCukUdGVp9R8SQdxKyBoX87Jcf2cZjHxiFcNxHPrHgH,Fuk1t1MKRD7FeZQNDBQvdvSRyiks6QfAfYDBb96NJLnk,0.00
7fNHGDKugzuh1EmksJgyANtEu8qt2DRvG2pMVF53SQty,D9bNgkPpnXnKDXZ5TAQAyiqjNQa1ZSTwyaaErBzzoou3,0.00
43jZpfgPZ1LgPKc8NCaNX73PbUaoEp9Jy8wRkrkqDDqi,FLTe3859mtBP466ye9TGSDLhECt8kzit4joco51QFcjW,0.00
AWZjpw1gu296795kw6oFGHKU6Rh3fVQLbsxFQ9Q56iaB,EE74cCz5tQg7bh5oW1cgxACDBG7U5KGS9B74sXRHb8Bx,0.00
7poTsxEP3CiUzj69D4N63qGMZ7mzS1tXoS33TB2FyxWd,FAGeCDk3TFR7tLe1K1eAEA1KgLNSzXh9y63riPgZDbBa,0.00
EvTUNcXaYuJFy9Mszv8h8qjKFEgd8A885RJWTM8xWa3E,45JDU7N7JdwfKhsCzQpunvtgUBVD575kKMF3noek79jc,0.00
J9SSrqG5e9Dpj9SAzb6dPYaiH1qHbnYhiPvanqqi23C1,4ryHs9muQ4Q3pSvyCjW5YAA5Pf6Afyj97Z1DT8MXHGtZ,0.00
8MAeZRnvvx8MHNCdWw2USDwVQ4MQnhocTrfm4JYVx92w,3twZNwq37pjNB5iepUThBSp5uLEMyNnbpkSz7tooFAy3,0.00
33jsJvc82tX8c12wHx1m2PoGP6Cq6wyhPTaGQC2VFdCo,EfEhybTm9iH6shuHpb4aQN4aGw6fJPC2k9fBkMWdu9Cc,0.00
6AWFYfJQEprcryCFL4k5ZRWDQz4D19WLegUKXjYYk2eq,ecEnSL3pdtJuFjTkCxovdajw5BH7gGQC9Qsf1EVQFdj,0.00
2y4k7HkUJfBF4AKBRVUwombZ8WCz6pKWMMjF1ESqXydM,EUA5usVx4kmKGZH3YDjsgDjUaw2hLj61yoxME4dZSRTo,0.00
AoHp7tpdtbbPvD1AUP2oEkyEYkPt1WtSLweDuKWJV8h4,cpJiuETCMRw32kZgwxGfhEUkxNnfFqChdE1XH53yEF4,0.00
GcejuhNa4ghpHvoKHCcttjd9XURnQHyvnCPDLWrqLmAN,9PQKiEtpPFb1cbxkjy1u3FPJ9s1oTVi1MkJQoTM1zfxa,0.00
BZrah2KrCVhDr41wEDDgWBmAYuZobkAhv6HJmSx4aWP9,F2nKB9sCcUDrxMyEJh4vtVncWfDRgBsAe7inDBbxiGP6,0.00
Fx6u5So2ZcyzNRU6Pv8PpFZTxJbAHJXYeUhSrN2uVnsg,8bvrjkMtF9dmbqtrysvFJS21xkszzqJXYvrwXhcfAgXe,0.00
zDen8UbNaej2AH61x4tA52dLhgdurVeiGWa2zUoAG2q,3ECtY62wjD1dtog15kSGSnEMDS9cQ7FVjn39rwqjnpyL,0.00
HEQMxUtdwDCZZzyg5QyxkKQ9FwYHZ2zmCLZEeJpwjayH,9qehKPMEbRK2cnRWpJPhVwpF3LMX5y4CAb6hwQqfKHwg,0.00
3DAVwt54nFbwN5RtHBDxvpEJ88Htyr3YAexzC7Gmrbsy,A2wV5h1w9U3ZMNvxHaYbGGHVLYmy4kEwjy2zzjhDqq6y,0.00
DDqkaRHVgWrkpCPZffmtyPzGNQ7aQ7kkaGSfo1fp1GFs,CkacR4jTP8PtMyiMdpwHUMgfvjsozUCW8urCA6UNvBjG,0.00
DuqYJVzjTWvzAR6P4yQnc4pJRE5hCUAQJCU86BySVuq3,5ZAQA7gG5adXN5qsV9e2rXtHMVS7ypPFWeNT8WgrjRN1,0.00
3G3pT9zJJ5DAog4pNtkYAk7JMNvbozQpjCDu71TVoy8b,E7hsTUM1vGW47Da8G8nFvbmWBwL7b3jQQ2zUrT9ddLbH,0.00
DB61iw4cZJFbeL8skPAcH3otnTWFCLhaEvhyvthx5QmS,5p2cRjnqF72y3AmKNTbbveibddyQqa1ySr2j3QnkXgbg,0.00
7xHDA2Fdaxsamst8cms5nyEj3xA2MJj8K9PDFVcfxcZv,CeJdjB4UhB9kRhThC8NCJM5SZMaTf4iHnQSs7F13fwDR,0.00
Bnxy3F1tYoYP1EHR4JWAwexD7SJirmZqu2PEmXE3tuDH,EoVumkCZb1LkXMfRbmtApjMTKRuy5imjJNYgda2dqs8z,0.00
3NTFvxzQrhNkA7P5DayWSPLRXctqjw1vneBrranAC2fL,GMJHfti4je12kPmrGJTstx38DB6vDhbeAfEijyGybwxK,0.00
9NJzFFuFCHTYmgmVTYpjdU8wojRmAAW6kJD4MvJzdi8Y,H1ZkBVHvTD8efMJdfSBAFUe8n4xDaJW4XpR3ioXnW6QL,0.00
943MWhtRAuy2L4Wo7sNrhTGb8fM8T8Y1LMq1hRWgokeq,76smKuE7YTjLYHbwbeMHBuvfrpQM7wt4f4gkxkQ38bCx,0.00
HjUkc4eF8UUotcj9o6cE1EXMpx9KvbFF2H7BZFhnadjr,3EdW8dqRCr8pafKgCsMirtwoVYsARYBAXjn9iDovTsEn,0.00
6PrJ6TEBZxJiDtWxVYbUNYjB1VgQLAdWW1ufGnFyD2nM,ezEK5sLT65vHT9ZmaXkZ5Q2oErinj6m8Ue2qZNhT6f6,0.00
ccusyAAwb3FHMqZayUfXcm4XLAJb6Vpc9few8N47ATL,Hn89Mfv6frLHSpXEkScRXgzJCwpo9W5foPBLV1mvuj4i,0.00
GJgZtPrNNzZXqrKcjAx4fegaCwQMuV95qBadUbyLV4TW,3Vn8CwFd9Hsy56SCaCk3puv4qM9NZjrWxQcdic51DdoY,0.00
8hcDJtQECpdgDbAsiiqZVFQ8puZaD9JTL2YmZciRLvv2,WTF7eZE6H3zAxMtvw7WdatfiwZG3n9Ut9eyAqwovaWs,0.00
5v8w5uY3vpsUctw27FBPnGRmJP5aoDJpXeBuE5vii5yH,8zF742DpKni1ZCaHozuEZeqH5NWTYvEetKcSgPVTmFcG,0.00
7itfH4Ct9GPShyFBDR9o7cWkhJjE6aW7sAXn17qiK1r6,BtyHRJEdpvrgx8r4wRRYaBKFdRvesPBUPKMPVkSHr6Go,0.00
A1ZnFGXTm8Y8sDQKDucjsnDGQYbJYFvVog3PtGfoheRh,E63NJvbqHCybzpUAPqyrz1j5FMhd7XNwmiF33UfBgGZH,0.00
EEGC3cGQpJGr6A5r9cFV2KEDn66m5Y1JjF2FnXV1zT9u,7fA1qeUT9N1rM2dbeJjhtThjemqBdpgBGZnqoSSiLPCK,0.00
J8TyQhQkUN46MQajBrzNx9hBL2eMyUv82fj8GNmwhERi,vDLP7RpsmFfSv2XqGVh34f8ATB1Ee9ZyqG9idqH8nL5,0.00
nXaYG8A5WY9yu75oZuFde3hTqqJEMW9GVdZPZ4p3KE4,777vevJt97Vb5PRdyDBxg489o9ZLKsEKnj8KasG4jrhE,0.00
FViB9BfqujBJpdx1SF6oqmoQiKfYGpwbAAba8923YYJS,777sac82cbfjRvMCr13ueCbYSbFm461FSHEEsNzQLskL,0.00
HqTt7E2bvrKhJEChuF46Wo4ZsGkL5mVoVhpY2zVKEEPQ,CUBcZ297pNfjrei92vRLSk1inv27UbCzwC6ne8EmC9Zh,0.00
BKi7zpQR9zAGJRKr3V9Pxe8JJ4hXPMBo7GgsHzsxbBML,8EoU9fdCKL1uJREx9z2KJFNShJSLcrfHDY1ieUYgJD9p,0.00
DCxApHbBZWsuFHvRS5z4ybSApNKDGR27RuCVKqtxbGjM,4HHY8HBNu9Qk6UmSmwt1DGduEQnYC8F55oXeH3qEMQqV,0.00
GhPiNTgY3n797o9PEzmoFkRKyH1RLJn2NQWrGdg4TMqs,6LkpTowyKK8NPVR1HwwcBzYgeHyHvznnKMMLWznBwd25,0.00
Gq9KS4Wfm8HUVuzHMzprp2VTnM5fSCqQJQvcAq85vwy3,AYmvsD4xJ2vR6unhVxT9K4rmwRV6vbWWLGHuU2DSLyJn,0.00
71WXv7pRcyoAXEXPQNnRN6JaWCp5yJ4rLPnNKP2Ayueb,DbYy1rdts56w5GRSSFsxVuXUUT3t1A8TUrh2NYFQ37LQ,0.00
9C3okJqbYcz76bZLqCZwHQuZj72obyTMKpNTtitVYmyH,CSWmtTQQ2PTWWcLeQaRjkyQoLfZSH55GpSMiD9AYLveo,0.00
BoTWF6HCvtcRo8LMN37cS9gWh4rTHVV2cbnSVfM239BV,4ND1ajxKQYycf2uffpWtkGhP5CrdFpLh6MxvPeeiLJQC,0.00
AcJPhRg62gt12AHq3ECP7wZMgR5yyxuHrsPShdbZXBgX,CPa8pEttFwkkYEWgVAnoY7GdZ5WKMvemYmrxqAgwQMBA,0.00
4xwfasjnHupdbuZxzpqmB2h8k3KpMWQk63yXuGuSBrwY,DVc6VLqn8tmc4Z5YED9gtATcbwV2ptzJxjyQvbEVFjGd,0.00
JxJa8g7rqNC7P3kZ2MfcUHVfbUGbuYHBVjQ1E4WEuCE,test2bisf2uMe8cisN8nC2CKMUfikC97497t6vvNoXy,0.00
FkyzMrn8nGvW2adkTTvWSi6VzLpdEYa6t5uWjALMXRDc,73N9avS7VMn4xxC53AJL8VV6m2id5Z3w5va7jYBbtV5h,0.00
EpQcArGosAdnemtSachcNor7n7PmBozuVUR7U7mpVSpi,8UqD8pqRTHXybt92RK4uV8YMCWpsnKeL8dxkMsbrrxTv,0.00
Aw6DRubj5suR4uWLNqGqdksFWbju3GBRq6wVp1mrMikE,FX6ErwUpixvKAqTahhakY9LtcZbJcYCoMfng3bTgecq4,0.00
9vCHdBYDXTQwvMDyPUxtg91uZWUrRZZ8S2LH9JoiJg6C,7YfD95TKRnnGADjdwVcnQ6oe2muW2GLJk8sQZzGS6Gc5,0.00
2Ns3CLMtFLguyLLSuywxgbbHNG8TBGi4jj1nXjxXHk6h,9KiLNBHcDrqYtoRF8tVYZ98hgwNcPgLz8xoRMXwqLQ6Z,0.00
AA7NPTANEv2ymx7VX6MdwhqgDsFpaTKBPUxVVJACFhZH,7Ri5FhvCr4Q53Ej2ao6aMe7iRWc7R84zNj92YKhK3A3d,0.00
CbLtBrBP4H1t6rYzuhKKEYzcevEjfWehf1ZuEV5kELf8,516V7nrKHhCXeHcbo17cvd7UqwDMzntKJQVrvCha5Kq2,0.00
372Vm8ZXhWmK6tuimjLFhB6PygAw2cr9QaPL3Cwta5zi,6rJzncczhAJTVvCtLfEdW33gat3CmT87yFEK36Y7wHZ9,0.00
4Kaia17uCA4HQhL79CkkTsj1L7dAj7iRLVP76sq3wqkU,6S6JKXx6XnNXgHuE2QUuZabGfwzvUjfwj3xgWWFD7tSt,0.00
E7D5VJzFcZfGgiaMByux8CyD4jLGqJ1odRRjEDGhtoBG,7824erNX4f3X9E4Kj5KhAM3Mbp1J92D3iE86r7rwRa9C,0.00
4zhMTUMZjnC85ZnmEFnPrWNELLP1v6xRwgH2iyWRFgrq,CgBvHWa4BMpwyRxnKNTJPeSsyDqNAnEF1P9RKQsrNMag,0.00
28xWjHRQYwVKdYqf6HWq67ey2iCWCCQtyxXuhZwzp4gc,BM4LAY1c5UC8i1FqJqVN19r5HE3ASe79UQJVRf6XcduU,0.00
3L2w5utsd6dcZuCo4MpuYMorHzf9dM1tKSjWsnRVfrzP,ysj1Fy5BNgos8ZewpPRCqVjN6CACJwo4Z6iwQkA93u2,0.00
CXaEa87YrSeDsL1xHptsL6uSiLReNJzbkc3jo76oBJbE,355kxk2WX6Vq6gJ9zv7UZKLHyTmeRjd5fSRE19DZsdT3,0.00
acpbTEJxPRpPtoXNvppGYrXGNQLBRDrXy5qLY8z4cRx,Ai5ZrhuwvDiLubv7gNpVS1v9qrKo5kxfARZGtKagkvH9,0.00
DHGZSj8maBtiM4XY588X7uoUTehEv7bgX8tAu8mK8BDk,GbRCQSbaY6MXZEAbcBjys5Nh5igyHGLTrKZ645edj2yy,0.00
9QbggkNHQTYjsmQHMZuQePVR87QEdvTDXPzHzenAgZtw,83ky3BxDQuYLE1C3G5mgVpZ8zrEZzYMYT6beTTuSoRs7,0.00
22B1bZugbm1LyEkmwNx8etA1bvfpzBJQBU1sAFg5RynK,3bQGUwPtpEsC3kPGnvMmFYXiHT5FvPqCKFLeY8JrHTm3,0.00
2jtzeyDwEtQB6bmxsiK17rcDsyHvyhLotg4TZuAbHEPY,4DzhosdP2VLAm7NhjCehNQST8JERD5V7Q4KwtVCQtsZx,0.00
G3H9naeUHwwHrimpgMDcsDQoAmcVmXyAYs5d36NuznD3,CgKCndYW66EzP99RY2rUUT2tjRZapNMASyt9CGnxKQky,0.00
HPYcs6Ko7wqnwkGkBSA75EvxZs5tJP2BBNq2BQUwUSxW,9qAB5RhSBbJrf6rwWtTWch2mL7f3TyyfNh4Fy5qbV76C,0.00
DcDh6N4RDMsuo3iaSkrJ5xZdyyhMY8DxDDB155RS5P1S,9BcqWShZm9HAkJfgwRHTd8n4vDRykgk6bAaCR3Wx7Hhh,0.00
28E4DVWp85rxCEW7kLW75C8iqnwGumgMSwYcJaD5X69w,BEmUSjqs7mpgaSXw6QdrePfTsD8aQHbdtnqUxa63La6E,0.00
7t3zPWBmufx6XLoEaNKKgXP7eomJLvsrHwbLWma2GHZk,6xC9262o6sTQnp6mGdnhr6CKLt2hSPVhBH2jmMqtrd2U,0.00
EbimaCRcj2TPiYAsTWk9kDwPjuiL2XbSnYZEX79wzqvY,burn68h9dS2tvZwtCFMt79SyaEgvqtcZZWJphizQxgt,0.00
7ZBpMFg5Uhh6pgnqriqzLZbrewzVxqrRRCTAgigWPRoC,CYxmcDhA2FP6TdgDCLLFMDgjzc8FSaTNfVR6uF8RAxE6,0.00
ALEAaCZ5JzZPjG31b7883s9ZHbTCgwxcheXYgrWhB7PQ,D2V3pFL7UXdfrRKYBxS9bS6dvt7mK2UU44pqMPv6ZUix,0.00
CQ9mR7PypGSW3epjRxhY9fPNcAUM5LDAD1hBiu9D6Xzt,Hgxtz2oZvaufHRLML1gV28qrxeZ7oLGCrsTWtDx6wTBA,0.00
FDaqVLG1YqrK4nGeTw5eVtMGwuYg7pAiR2qJzag2iYQ3,DuVSNfDfn1L63YGhkKE6DCcRNK19jfKLD4BSioBagcnp,0.00
2RcLdDaLhA1LuuCVKh13zQwk9PqBsuj8KV3a7Xc11wUU,EGGXJSySHYyVPSzr8BF93TUKjxw436msvykz7tdAb2sJ,0.00
F6QMqAPfZK613BAf3rBTDY9ZdJCU3E3akaGkQj6M6FwG,4qREt8mVb6MRPaxYorFFLQgqM3BB4QnqycjX6eK1Dsvf,0.00
EmJtwnWcWoKfzKMow6Xk7JSwoNTvjnWBdLSUTM8KvfuD,BEAREZapkUeS1bJBd9YutByyb2b3vZuPXQ9VXjdz9aMk,0.00
BxmJAEbjaCoEkVqi94zbQL1J4wmrnsiuXZGtvEf83arW,AT1jHU1NzkKqhk3YooXTpnizFxNjFQeA24J7x6nQTxBj,0.00
5c5AeypHEy16w18r9Mxf4dhZgw4iWrSWavvTiajSyszo,79VQ9Bda4wPS6qXCD3Ecw65iCvG6Eg8yY3H2URPJ8PrW,0.00
Fzsw8iK86NkxZWrKsh2537six4R4jrm1xiFrENjbAhjV,BfFnFMGgewgeCQ9MBEQzt5BCwVCb5heVwGDtTpbJuWec,0.00
6QWmvThRiqgQ4BpZkH2FPu2uLEtc8fgeBEo3gYuGHAiq,2kwuzXhn5t57G7jhWRFqY83YxmiC7VTrVxpVTvcv8o8P,0.00
7mvyDdMfmCHm6d3xU8zUuFfrVcLV63esGtU3ZnMzc3FA,GkoVnM6F6SQ4yVYeAUUAcot5sX8Eq5jNJtG6S3q8cnAX,0.00
FYfjMfZSwPhzQSxTwssnReq9MHLVUQC7P2kV2R43MmAT,5UPDgGkdoVty32QtXqQB1BvNwuofqrErrmQMi2eYVuHT,0.00
7P2agxq8aLmPsRNWEDr4HT415aHryiVo8u8Qb5pyjVcq,Lion6QppZ6x5VZaawuYUxdhJ7T8J8Hjf56vJB4G2EGh,0.00
BczFzR9nRTCRcthE3AippdMYTAi8YvFBcj57EjzpgFyc,GMF8Je6BWmevp5VGxa6kxuZxWi2a5KZPsqZKZXqmDPeW,0.00
BPhZ2djrGpnQe7NkGvaVczF4kxZgYxb23EiS48M7Rf1X,3ACp4T3ptTdayzWryEhT65NKZSKLjwXviBjWEy54aFdW,0.00
CAH6riE2QdBWq9aS3eJ8vEDcNJ8ThehP8pd4uGDQMGgg,FZwsdXqjx1arPm5aQxN4qVRRMZ8GFYiVvUrs54ZoJfUU,0.00
6SCp6xHxh9Qa6w2pNDhaJjEpnVpcnkPoHDfnQt1gkpzh,9oxtAZWRErF1qh7EmY8T4pW9b6rqid357xjM7dRYVgH7,0.00
9k58gk4GK8Bike71gxunhLCECZxbtfxHHTkMG7vfV8v,2rbMgYvzAb3xDk6vXrzKkY3VwsmyDZsJTkvB3JJYsRzA,0.00
EEzv4seM78CGiTa7KhDf76c9CDjAMeL8BE8x1ifK1H6B,4b4RwsbKUSfR47h9yVHGeVMqVNSR1NsXKzednrRmEG8K,0.00
AiKX9kAR3SceiXhkvbZY7urvPdDsr9yDutNjW594moJ5,9aK2n2vq2J7djxa7ofmMfA8dUpSTmxKMYiMHNgsnD4dJ,0.00
BxMAyuZsKcXp5WsW2WQga4rFtpSsvJ4WWRHuznCHuu7X,CfAyDnXYhnGxVkHCfippwSsFdfC17WWcjJZumer3dony,0.00
874Ujc2doys7nGxcuN8MXrEEfTZ9oYJorEgFxmvZxtVL,41szMcbJk7zwj6ahG3PPRZdvcTLZNefb2wCaSo8pivAX,0.00
8k6Wuu4x1EKBSsghfbuyzNgsUe8Dmh3hpCjSfD9nkWZq,8JfPbroaxRsVHnzrUE7V7KpjQUhQLsPs54qp479caqb8,0.00
6MN4NFB6G5PU5oFW2nUQquDNqCwVu3od8CkH4gUJThNU,CgPZRAcK93z2kFj62eCDxH9mZGis61TWzG9UEU7h6yKR,0.00
C8ZZNTF4mVwFFEnP9sG7CJZWLgwEUtx2Wqy4wxwpRrjA,4fzCZzyLrRT1Gj5yh5SZ2iGc53gXAsKFz5gqX1jVh3mM,0.00
6WSi9CzFBi6N5oPTn9B3QmVGEjfQpHei6JaH5frQA53m,AMoGzGX5HyWV9VJxoRqKgSqt9t4PBvVabVSFnHE6mtHd,0.00
9rMyWRpXeHFe7pRwdEMWKKr6oKAaYLgt12kgAYi8ZC9D,83m9XzqpR4LVwtV65hd4WXRjG2sHkVUE5mYAea18XFme,0.00
FZaXHz6g657xdrGeAnULeapsAXy6bCmMNYtwdDbXfrLY,ReSawHG1pgmbJKgL49azp1n9o3wEkrs4Bor9aCmxx9a,0.00
HDH5TDp8WyYN8m6THcxTHPMuzhoVQMq3w9EqtPQaGRmJ,5RRKwUA4NMp33PvUkdzEUKYd2ytJRMq7BRPNgj3EYVcs,0.00
aJ8h2iFcJbeczo5ed5cDWChtaajdXUcNBurvNCwSR3w,Go27VV7S85wnNwkap2AZwHBWEnwgg6kKGHSWeoPL64U9,0.00
8HiJ9i9Nk1dfhFmCKv9ciWqL4CQgYUDFGn58V9Mv81u,4Q14eKUbaRndEMNdYazDFf9e4Mtg11pCjGBiBiTjVAfr,0.00
GBApMHTBKq5AT1ro7pz211hnWf3tHxEv4Hx4FYgSs2Cv,CmxDmwyfV7EVhuSCVpMjiXNQxGb8b2p9eXypF9mkUGZ8,0.00
DM95h2EupRLXgan2QsWSXZ3nwLa1PpVBaBjutwmv2SMG,A2GRgD2CYkuC3QCCSASN7BJiB7XasLrnCYjjDdkgaeCG,0.00
9JJSkE7xi7s2SgTKs8xiue1anePKoX8Ypmphd5NsEFht,2rYtU6gF2P3aJqV8AAKL16WW5dFz6wgTbG6tQUugNZEw,0.00
FeGMwYFfPDEi5ueuCcxDghUL2pTU3QR3CBo1HABkU49j,2UpzojSHycrTunbz3xn93Ci8k7QpPTjdprcLK1homCxS,0.00
73QVsG7GtaWzViAtuLodvrqixUeHaccFTupzwrTZ53Hi,DMY1QuUvsoHJnTwxGMLXf1ghPY4PzTBhgZ5M2Sd8Eomh,0.00
2rqMz5cxnTvs8bCttnDwgdgdgjGSWDgJooym2D1Gye3K,5KUE1Mon3ugGv8dMLEV12haaMcBQWhTiKDQx1qyktC1r,0.00
AgRVdABi2qcBFTH9b9uNXPsmrNstHaSWbcr5gEU4B3de,9fiKQoFy1WJbo2oPxP4vVxtVtuLC8cdhEYZ4dQwbLYpM,0.00
5f2RBntpA43x49yRfDBin2XWKAqvb1VSDbxaMGQMtjxn,9izSBbLVnsGb9brD7ANvNr9wiKWyjaSJ6DpfNjosNFdT,0.00
EKiZpCZ1StpvEPn65J96oTBzdSVVUc6E5GpbnzQiqGop,H7cRQr4MAs7znWRzW1wPJHZMcBgz7JDeub85SAZ9oBRv,0.00
Bb2cgTGxjuVcA4RYRReUGcpRFAFQX2spj8P6VyoStFtN,2pG6LXhKaTNouwT14dfsCPS3bUVyMrhDLtvfRjHGaUAH,0.00
CM6v5qjguWiFc5qKPBVZ4ovpoa7FKbQeA48ADgdM7jRy,HBrosAmpjTfsmjnWs8p1wpGBbp574hznsQCc5Jy3VGNW,0.00
BVAe6KDUji9qE6fUabNqg3XaxHPYgD7ahBHr5wL5ZXiX,7XhcGGpPfUnZaBsVUfJEb3aQvnbxQdgxfnXsmU1PFkap,0.00
75MfFrDYNxNKrvx5Trhuvrjy81v11b5CdbHzXoGdtR6m,6uon3KjLTNHD9DuwLism3QvxVQZ32P5EtAFkYKbSdzGq,0.00
72D7PHWzWHrPbpKAXcEDszFXCBPYEzFCRkzTfrXiHRM1,3T55g6cSC2DQ45McpAyjjxNMDxtU3Ba3NP6deCn2Dq14,0.00
FFzTtiWUV43JhbwNH13wo7FBakRXe5spf7aYrjwPmwJX,NGEuKhdq5MRxfZ3w7UmAqGSqgWpj4Lsd6d6rT3F7pnb,0.00
C61LTqbsLtgf6Qaf8uJETu4dVfFnSf5AhgYKFNqFmP19,6rxA54XfocLF95VfELmujW2MKez3RSV98TC58va2b9U9,0.00
HwynDgtTLubd1gqFNAYThtg7ix7Aho1fNAHMcW6jgg5H,DXB2Fj19oCNkZ39WkhQSqXojTjcoYKY84YwqCKErADjW,0.00
Hsewj5v47eDWQwfi2D3uPRodYNT9M8FHtAkikt2NZ4mK,FuckfacesBuDvoMz2D7bHhh1poabzGnhqctXSJ7pVPnq,0.00
CruJh426hqS2Drz2rP3SXhvP2EWTJVJ8NSWNGmvHC31C,Dissentingmc8qH6PVQnTss3tpeCyP6DKPzeZuEEVQqS,0.00
AnA8WfKNW4xnfzPSo5FGCaXhoC2UGDUGtwfFtjNXUyMe,DTTmgcTL4mbfoQB891Gruz4MefPRcdaQJJexgd8ZCf2g,0.00
8HdLFcgpNwAHoanzZLtVFFLc31aB1j61NkVNQNrfW9Tw,EFfMEHsJnSxoiiuk5sbU3sbRBfY4F17mmNgGbA31x5rF,0.00
C1Mz2A95NDNEJnxdWLDXPR7wDsXgokK1WaWBTfxS42Bv,29C54wxE2uoTYDL7ViZwp7RSBFprAPryupXYRDv2ryCG,0.00
V1d9R4Nb3HfMg4S4JMfQvx9EoPu3Rn8q7zF1TYNWxgV,GuhK9c2PUT7ZmmKLoNPgmyvYSdKH49LXGXoephjdFYxr,0.00
AiU214q1Wd6GZxVHT1ZSH6QFb6LEsP2XRX8bnBVwRvdC,9vTiQ2kTsTzioY6jqeXUxPwe91zV5NCixnt9UuSJJbD9,0.00
AvmxzrBSe5gEzj2xRNrJGCE2y5vGLE1es4iXHjMtDeSZ,g2kUKPX8KtwPLhZ5yh8rcYAvr4UnGdiRRyQQJVUq7uH,0.00
3bKyknjkqfQsRJetqHQTCf16pPG3tzikbXW26Zhc5V3B,BPWodDnp4FrY4WZQSV9oLhhrW9yJYpHnjPjJm3DKVcNG,0.00
2hdbVuv9uJXa1VFBMeuYnoNRanvci3WEhBQQ57FKu6Bx,1234exEbCDDn76QTKpr9FxbJwQHSncKxHFc5ueZxhM2d,0.00
AbzQqEJFCzZjCc3Qs6HmzhQepZBBtmLXvURk9UL8JEgV,DLE6qhYKFgvgS37LfxngCak9ux4WJkDP9iGubcdvRz6n,0.00
uB2urpU4da3Gnj6QDm95Ub5V67asdA36a2grbMyG5og,spLiFFDTnNQfAeZR4b8VTmSVqzZJgMZ8TLTfxowcJX7,0.00
DP9FEnX2jrCy1UVgwqQ6xq8Dn2NKHBoQtm8fbGTTxHzr,6QPLN9zuhAkx5XhAYktNb5obxifpgQKBCLdQAjyPHqPz,0.00
6dJ4GBmz767VjX6UkvxmpekXSs5NW4g1mPppqA5nYCHL,3TzkvbmqPzgsZFRm33bxqwWDrpaJ1nFoQ8fKcyBNgeP3,0.00
2Ydqa5hxLuLfasVSncKtcasDYVMWodfZC62ocePq6LcJ,24W8AmuTBN73JSr5vRU8PKySnxnA6FkSAwCy7WsKN3FH,0.00
9ZokycSXNoZsruDW2DCL9p8qmgd5ynBN5vGEi1WnGaYY,7weUbZShDKuAwEuagywrHTmdbP1vbzNBisfUbqghuzQo,0.00
Em739H6bkXws2S3GnA4bJUGAoWeweqVk87saZtWbVkpS,EfaedeX5aRiZbR3qusCezvtuwsNB2JmgBD7JQXjEzH6p,0.00
26BfvdhMHuyn1hgXsiTxonFuugZA3jJG2LwDiqHBgRhQ,7Fb53kqkqNSKizyDNt3sZF1gjNEziBWdE6U2Z7XkTuqe,0.00
HrrgAY3wiU39xReENvftSDsfbTWRFHp3hHAWThCPPDde,4jDn6iEXiBX7WkFq2eQW8917e98DEvx5bcrZPyxoSsyd,0.00
9ZWvW83PPy3RF1ZurCuHfVnojsFDVM162UdgTVpfdm2b,DtTozXkJ6tPpsc8GTf7jdeatdTcZZ9tzpoaFivekyRD7,0.00
H7EFDjRgVBNjsY95MMFgUM4tYQDN89G2REFTD2xfL625,7TGNzBEpqTMJki9Zp81Aa8egekw2yFboP4MByrHSGruK,0.00
55KdVd6MFmvqDtz4pasYmkAekqXYX3vF24B8XcR5e9B7,BGohVWEAioPmW7rnnERgf62EeeM5Qrkth25A3fiSe92g,0.00
5UXgrkC7gn99XKXieSM5ifUPonjVLJoaNbDHPEcFD9Fm,GjVLsAhH5M1VBTUDcxYkFotBq5dVYRHbkZQjCqv6BnLS,0.00
9vEKmjj3YPE9eCyGefrGzzvNyYyxv8Uz2uvufASzfryD,8yj7NZzHQH3S8UfhXuLxcFy1e9u7YN27qFFJfPTUicR,0.00
HoJq93xgySq5Ektveq5NUKaTEDcNzSZbFiPzh2CooFjL,ArbKwyZByRAkFDVSudX14uKHRGiWaozMGseLeRDCYGui,0.00
2RFWWJL34AkNA2H79uD11WawqwDhSxKUF538n96JiFNS,5DYB2fz4qkuwLK1zpmGqJabzwMCpzbxVkYKDtTU1Y22B,0.00
DEDoC1sY69tcb4C37iZvwZ1goJGRrGnuiWoJWJLCMmuV,5kqGoFPBGoYpFcxpa6BFRp3zfNormf52KCo5vQ8Qn5bx,0.00
2oZDMvLwCbsEjkDdMUpQtD55LpeQTmAtzqS6PhYbWkxE,DLb8YnCUxg6XHzNGjWcEhnPv7QLxP8jSuaBnqtZ1gu2e,0.00
3Z5mymeAfoiy1H1rMEteKwLtBRMvt998stfnLFovHBUa,GoUPK9AX5yuxSMdovRZetzrzLVAuep7P9axWc9jyb7LC,0.00
DCPiBzxqDCzpzPmMtYU6enk6gYFkDjZmqrLCTU4ABVt3,B3mHR5MuFzo8AuXtgmoUzTCqqAuHYWM5gTn6GXHivENS,0.00
7naHCjGWZeaqdTACxweeGAqRmHW1quoTKhCbmmHRG2U2,WvtjT5QWtaZW5BS8oTzhYDJeq8ZM5H3k8UzqyhhVJFS,0.00
6EdSRiEDfzcv6YLNimBCjFzUze5BfmqNparFCmfHcJmQ,F66h5aDcC59XF92JqA6qSgqU5BoCbtjAWq8Y25n7PnF,0.00
DpouK98wtteoGv1x46SzigWGCo3iWUT6HvT6vzsSsh3Q,6b51S5Nfx9zBLqQUkXpek7bnnv9dCWaJMXhuSCcdoGfx,0.00
2qrMdJa1KuLKyKbR5ih95L9NxmbiDseBZs3EDyva8eLi,DzYV9AFEbe9eGc8GRaNvsGjnt7coYiLDY7omCS1jykJU,0.00
Bxc6CbGoiGrsX74YxnrJyrtBxb5LE63zEwdpUhRhvx8m,GVTyo5EGpoCSQ127NdSuneDUgRm5t7HqkeyqN2o39oDy,0.00
CiAgMwvDBUNBjbecbRWzzmug8H9bEwm934nxbLVYRtrw,59hZKyRiX7Y6o364RinbwN8GPajBa614St4iwt7wKe1q,0.00
6EYPkTwPLqo3gCf5KEMipGLgLikMZ7nie6mafWVXY7QW,HRJLxNkVg8NmKR8EHSi3CwRE1zr41Um44EapbFx3Mv4z,0.00
T6H1FbN43wd1HfSqSuuXdTXMfaNvz693JUNLFgEiChK,3ceK3HmVKF7Vx4se9KJweMc7W8JsVDfiZxgMVX5YjUsP,0.00
8AqJFts8yRDXRoLjEbG8niAgHy8gu6hPrz76j9K8ccuo,5rHLZemn5EyfJQgeYf5FrXTv7NKigiLDe5hV9YC4D7G8,0.00
AwVkb2qx5SgkRwDTnzZdT3ne6KTwfnhfzpcfSt15N7BA,JARehRjGUkkEShpjzfuV4ERJS25j8XhamL776FAktNGm,0.00
BFGKdqveduKj3EvmByacXx8wsLemZvEnLWzMCpVrpyLu,GuiU6MpLahPHSHYcsfSRjwLUm1AtZ9zP2eiLAkJMBjg,0.00
z22pmQiucw9da9S2EWrKpw9EQmpdxhay4i1SoxCGhrc,FKcNeCKrCpbHYJGcivg9jKibUarDnVxGiQVtGStFb1uo,0.00
Ee3mPH4MmnXog9WUD5zp8sgJ6WggW9XqbbKUzXq2AgjR,7DBcxkuLni9iAJcQR83JXgHXHAk5VHgi1HmN5NkaWRNd,0.00
GGwt3Y22aRvmAWdJLSoT89FWmv62KDK4etPYAedkFhz5,EUFoKJ92YutxE4bRHYqwfQRdNa8CMcwmDB3X7JR4kLaG,0.00
HwsdQ3JihN2cUwF3XQTbA8aWwuCaixJ6xAsuk211j4cp,9keCLAMH5zTyV3CEvCBNP4Wwj5CXLrP4e33EBPrZ6FCK,0.00
G3qFwkijoFLjrLrMXcXLQdKQcBRa5ydhFqmTgJHYwVQs,H3n8whMgNt53Kv51M7TuoErpSSFTNHC7iu9zWhwj5YYD,0.00
ptuWwvNM5dadzeZFs3ZdJfKFd26bVh5QFCnCF59nnwR,Da3Z6f9RQPNyksUNbVecyUtiRZv3pfmiB9D8K1zSTPyU,0.00
EJV8VUqytjMJNVNEDijxNFVDSJBh4TWYivnK6KiPx9rb,aRsimwXz2pU8Sr1VQzEjykiEU4wmRhtxe3xB2B7k2j6,0.00
4rZH7uRB3bmiQfcDEAwAXEhFBoNEqsVLtT333zcM5htN,ArJg85ueRR18ULMNEwanQyu9jUURoBW7383PJpntvnYy,0.00
3GoyGjqi6oc798DAzAnukwmvxsQwgNJ6G7oVCZZFE5uk,2iCAjo8L6VUeoqvyRiTyxcaQjTWynMtvEowVLipHoDca,0.00
4zF5MMaj7tAJAKMTTFCJtNiAhgYyicH9F3kagArt3wbm,FfoWEwAbTg2scahaGGSZGLgmYyVMVmz98QUCBFULF8Xk,0.00
D1pnezaKwBJJoeCRoZqrE4wN5YW5vhaCQxp6KDGrx7ku,GmpYXccij2PcQCsWrBhnNDttHotNSqqeTTdvaT2wvrMd,0.00
D1Z6m39AkL9uYhkngVgWrGzaCcp2Qiz5c3EtgFJf7Uj,AHyuCPAbW1kYBQipejQmT66Ah3EiNzfvswQxDPy1hYiP,0.00
GSw6NPvYk4f3UkYS7cRD5Stn2Bs8q9DuCJ3hUssUmmi7,GZf9bEYC8ozMEf8MMas5ff8yUwDNJftg6za5xfFMuRBV,0.00
C4ymw4kgLiy4ZwMWUjRiJfz4ZvjCVq5WnJdwTrGDGX1n,99QbtWEGn3Z8SFPBL7zBDNXkhF4xHNbczVWmZ4GamT9u,0.00
3TEVXeHDyJjQnCsZfBA4YYsd6eA3F1BBYvVCgsrjUqPz,A29vpZ3GbgZDAqh7JJEMcMbwJUG14sBMhr13jg8VS826,0.00
54wpbqbuqVwasyG7tXP2Rb1kPLJyRVaiCjQYpwRUUVRh,4bMwVoyTbr58v8johkAe2tBxqvNmZB3bAbp4EFvm9sLr,0.00
7jXMr5wc6UVAfV7xMxbnk6rj1Xfj3t916madettUN7WW,9HPqKdhF6nsBCtxraCg2xRbGye3s6akrqYoKGFcUttsm,0.00
7a46nqPd2bvDhqBnLfFPypP1T2FeFFkuBtGWKoKm9hNB,8jouV8wGiFaKqZUJcGb6Zmv7sdt1ADLGLwfcFboG9UTd,0.00
85RKVb722mGx5XUZ1H1dfCZvNEYWcFp5mdGTdaB8Xe4E,GuW3vDV73hU9u3SfAswdxqeiekXeu17FXtrKRMHKMuzY,0.00
DS18CHFFpbYDvb2uAKRHppVdGSzkF5RNvqV1XNRkk7L8,atN3qn7inUpfNekVmnnUr89jF6VpFURD3eM9fHqz1nr,0.00
27HCegbT614r11d5dtcbNoUkQRB8a5r4Eqb1pDbKbq7k,BeZKSt1TGAWB6PkGz8QQL4WpUPtXgtPp8MVcjaWHaov1,0.00
HvKSWuRqojvUGvbn7dv4RXpX1EmHqukHTKhM3NVtk1Bg,A7tgfx3jDpvGH42vuCe23bzUGViNtYPEcQcbYPXxW3Nv,0.00
34poceBdoyZxbbPCGGn2XvuHBiG6pZ13wfi14Gd3n2qE,A6HNpdkTx5DGky5uAMiQHAZ6xmwRkvDHuDTZuw81eB5J,0.00
2aCTLqdUwvJGoTsHZxQGV3GT9yMK6nSiic3DBH56QaFG,H1rJFmgYTbLL2EHZrTNvjynm5upcHZgKwKD7BEuWdZpm,0.00
75rAJ5UxFjKZDedDPhSnf2cSrZymvjJb8Rs92WLLw3ne,4nPPUQ8vuefz8MpkAghGojiUAKWxkvK7NGF9jZuTJCcP,0.00
8SgjFJ5QBX7i1wahbud8vd6tcA9pkLNVGUfmwXELNouC,FmGHnuoJxwRNR3pXPPDRehCJDmPTaEZ3di9X3wdhbf2r,0.00
6NuijiDzbcJJ4ErmCSdwEEDve2d8MARvnL8Y7YAGvpz9,FGGsHyeye5MxqCGC9rA3LcCZmx2C9B96JWjoWX4x6yTt,0.00
CBDag715Uc2EWso1cf2ut4w59x4a4hxduyVR4NRq2YiQ,MpgLJhzRzqAkhRTYrTayKzRsNz6qCyy9PHJNynUh3q8,0.00
4hsq36ughiG1SpeLB77vZs2pkXyNoePcUbDZw9tc27UG,HbGdDpfWBTdNoKF6eWQZ77M16N886zXpoZAqyjCnNHGC,0.00
3ERtTyi3Qpn88vgRZ6UpBKRuahk3mG9zioskU6ax7aM9,29g4JgLf8FfxAdxskRkt371SL1nrvwmzwQfw1WSfXTLt,0.00
3cUQ3Z61LzuPMQNjsvPYkwxght9in4iNH8VQ5ei76kdx,ELPeCuy5MvBzAmzkATzTxx91yKD4uWgXLA68gMVW3Srg,0.00
8aP6ZtyDfQLNmAnzaitnQEtC6zpph3zKUiiESjBK8vw4,Hh7LU33kJhJmnws22RPyCY6NkvSCvL9YEntw6zJiVWoc,0.00
D8PTuJ2BCbyd4PHXGyATp2VBBMRgsnSFMWWyiGxwivjr,CbA3ryVFUt1zoe79kiitCwomV9C4Tn1ZKwh1EwMJ8wwt,0.00
DoSRhDMSXhntXnEMPXRcoxHJD9Q9XhurYp7uFsKvcZeW,5naHT55NbVXDD22das4bHUUGwq5V5R8xD8rjPKW8qWwa,0.00
FEufHbqo2SJktiqD1hudR8NKRCR1P7T4jTCGLqTvP3XV,AhLfBpdyAtRwTr8ExrBJ8sbfjjfvrRy7rCkab78P4zeE,0.00
9yJEr5bB9SpYB6BjAaLnp9hGGDXFZi1Wg16wLbCW1xv1,GXADrDZ5fcDF7K1AKPPtgtGs3A6nYcxf8SUGkUEBJvBv,0.00
713vJ7cLFKs6egRCnLC3yK5ESzpF1jKQvh5cHkdJugFV,8pj4Fg1CcTLnFEuQViucRCw3acUrgTKdgjNbx6tkaeD1,0.00
FG1Figg26t7jWWEVzVdb7833sySyRnfyYse18LhbASCb,C1CsbgQFvEvSXzuVHTr39tQHr3drDhjxeYiotd8eNocF,0.00
3Ra9EEDibueBQwhrDT4d9PJedwcZPhed4AccKSpsw1JF,8cjWJr3ZymmaXgg9WzeFRYPY5WcNwsYMTUswiFDkeGiQ,0.00
EP6XKUMCJCwRNDvjNRXo6bHegD11dUyPyma8vSTY618Q,AiWUTJ1R1Gnh5BQRefGgCk6gdq1ajgErkMt2MRApTVWE,0.00
3zsRb4mKqriggmv62TBmnCJic2N1VKQLFj54B8fPqTzo,Cy89sV5o4JXJmLj13Sifpc2Pxk8rtZdgrP5nWBUYrmhs,0.00
2vShTxdv8Pmm7HbyiVLKpYhGoiRsM4oHcSLqJ9v6eZGD,Hz9p3Q6t8zWvzCnfi6AaPvLuHZjANmAJnMrQoaGGqs1W,0.00
FdZYPVip8NdXPySvpXRg8oX9cRW6YThzgVCXiqfqcy22,Cd7x4UJ8izuqDxYycfXGAZH2Y9yrpqkBCxkNkbyM5vnE,0.00
GHt7xCdkuMu7PzHCup3ZUAkyEPwsgBWXJz5pYz1kHKa6,9RkTtizVpQ3a7jkLnZ6VvUsz833NUxvaNNXH4FJTPjyM,0.00
FYTfQov4kD7BMDNgT7Vi3xVSFA4cWhh5dE5sPHe4Q51c,C2YxU1QC8LRuDwHHMz9xJsMTJ7APXjfBom9Laof4kpxT,0.00
5PQWUBtJK5fabn1cwb83Tpqk6XizTh11q7EVapPKJ2ve,BbHwNMUWQYxpL6tTgWSmBqna1uSiiuHd9Wk7u94NPBpj,0.00
54cheZg7XKbXd3BWE8AxWwEiJAXW5xwsoPCRByyHPUiy,3T1YNcVQSbEuA61LRztGwkdMtL7kgQAe67tDUtQZtd9w,0.00
DRSJh5uVpkfRudr5r4saSQCBmHAh5GdV4TTwAyEu1quP,9YCph589wvxnifMfLcgJynHUCpjicTWz5aA74jShjfyX,0.00
9VNgDmiWFVAxDJaDAFQKPvpdC4ut1SAhR4UMaroPPbZG,zp19PFFVJrDqA9BG7aG7cUSU7VhfWhmkgVWBEt98JaL,0.00
fq5wXSwMsHD6udGh481n8NpEBrKWbXSsjqhRxDvuZCD,DRw64iEL6g2By43WFhtroJAMWfKY7kLUp3saQZvUUhGY,0.00
9JAun7pbEuVfArar3V6yvF7o7CcAqXoAUAn4jtn3ZmJs,6je34astcsSMshBfCz5aWe7b2L39YidR1ytFaeB9GRJW,0.00
9PtEhBop2XSFQGe7aC9x1j9M5wh6cmu3ppBjTYHFnaPk,3ebAiXNWAf3HfrqdW2vodzAJ4ExVNhbUDTaBpnf25uk8,0.00
